row_index,split_for,cgpa_class,sgpa_class
176,cgpa_experiments_B_C,C1,C1
898,cgpa_experiments_B_C,C2,C0
473,cgpa_experiments_B_C,C0,C0
362,cgpa_experiments_B_C,C2,C2
166,cgpa_experiments_B_C,C0,C1
76,cgpa_experiments_B_C,C1,C1
445,cgpa_experiments_B_C,C2,C1
189,cgpa_experiments_B_C,C1,C2
759,cgpa_experiments_B_C,C1,C1
483,cgpa_experiments_B_C,C2,C0
1055,cgpa_experiments_B_C,C1,C1
539,cgpa_experiments_B_C,C2,C1
647,cgpa_experiments_B_C,C2,C1
731,cgpa_experiments_B_C,C1,C2
431,cgpa_experiments_B_C,C3,C1
402,cgpa_experiments_B_C,C2,C0
171,cgpa_experiments_B_C,C0,C0
352,cgpa_experiments_B_C,C0,C0
1048,cgpa_experiments_B_C,C1,C1
435,cgpa_experiments_B_C,C1,C0
367,cgpa_experiments_B_C,C0,C1
861,cgpa_experiments_B_C,C1,C1
229,cgpa_experiments_B_C,C0,C0
717,cgpa_experiments_B_C,C0,C0
817,cgpa_experiments_B_C,C3,C3
309,cgpa_experiments_B_C,C2,C2
581,cgpa_experiments_B_C,C0,C2
675,cgpa_experiments_B_C,C3,C2
585,cgpa_experiments_B_C,C1,C2
172,cgpa_experiments_B_C,C2,C1
970,cgpa_experiments_B_C,C1,C1
589,cgpa_experiments_B_C,C1,C0
569,cgpa_experiments_B_C,C0,C1
107,cgpa_experiments_B_C,C3,C3
392,cgpa_experiments_B_C,C3,C0
93,cgpa_experiments_B_C,C1,C1
283,cgpa_experiments_B_C,C2,C2
514,cgpa_experiments_B_C,C3,C2
133,cgpa_experiments_B_C,C0,C0
311,cgpa_experiments_B_C,C3,C3
605,cgpa_experiments_B_C,C0,C1
617,cgpa_experiments_B_C,C2,C0
692,cgpa_experiments_B_C,C3,C0
178,cgpa_experiments_B_C,C2,C2
568,cgpa_experiments_B_C,C0,C2
766,cgpa_experiments_B_C,C2,C3
115,cgpa_experiments_B_C,C0,C0
1023,cgpa_experiments_B_C,C1,C2
447,cgpa_experiments_B_C,C2,C3
576,cgpa_experiments_B_C,C2,C3
808,cgpa_experiments_B_C,C1,C1
279,cgpa_experiments_B_C,C1,C1
372,cgpa_experiments_B_C,C3,C2
523,cgpa_experiments_B_C,C2,C1
583,cgpa_experiments_B_C,C1,C2
318,cgpa_experiments_B_C,C3,C3
779,cgpa_experiments_B_C,C3,C3
1057,cgpa_experiments_B_C,C2,C2
433,cgpa_experiments_B_C,C1,C3
653,cgpa_experiments_B_C,C0,C0
623,cgpa_experiments_B_C,C2,C0
922,cgpa_experiments_B_C,C0,C0
195,cgpa_experiments_B_C,C3,C3
92,cgpa_experiments_B_C,C0,C0
845,cgpa_experiments_B_C,C1,C1
1021,cgpa_experiments_B_C,C0,C0
490,cgpa_experiments_B_C,C1,C3
87,cgpa_experiments_B_C,C2,C2
836,cgpa_experiments_B_C,C3,C3
446,cgpa_experiments_B_C,C3,C3
199,cgpa_experiments_B_C,C1,C1
1039,cgpa_experiments_B_C,C2,C3
767,cgpa_experiments_B_C,C0,C3
55,cgpa_experiments_B_C,C1,C0
417,cgpa_experiments_B_C,C3,C2
734,cgpa_experiments_B_C,C1,C1
374,cgpa_experiments_B_C,C2,C1
512,cgpa_experiments_B_C,C3,C0
271,cgpa_experiments_B_C,C1,C1
228,cgpa_experiments_B_C,C1,C1
729,cgpa_experiments_B_C,C1,C3
180,cgpa_experiments_B_C,C1,C1
192,cgpa_experiments_B_C,C1,C0
1034,cgpa_experiments_B_C,C1,C0
478,cgpa_experiments_B_C,C2,C0
191,cgpa_experiments_B_C,C3,C0
924,cgpa_experiments_B_C,C2,C3
726,cgpa_experiments_B_C,C3,C1
940,cgpa_experiments_B_C,C1,C1
832,cgpa_experiments_B_C,C1,C0
461,cgpa_experiments_B_C,C2,C1
124,cgpa_experiments_B_C,C2,C0
1058,cgpa_experiments_B_C,C0,C0
793,cgpa_experiments_B_C,C0,C1
602,cgpa_experiments_B_C,C2,C2
406,cgpa_experiments_B_C,C2,C2
56,cgpa_experiments_B_C,C2,C1
146,cgpa_experiments_B_C,C2,C1
163,cgpa_experiments_B_C,C3,C3
361,cgpa_experiments_B_C,C1,C1
574,cgpa_experiments_B_C,C1,C0
401,cgpa_experiments_B_C,C3,C1
156,cgpa_experiments_B_C,C0,C2
926,cgpa_experiments_B_C,C2,C2
462,cgpa_experiments_B_C,C1,C3
347,cgpa_experiments_B_C,C0,C1
852,cgpa_experiments_B_C,C3,C3
508,cgpa_experiments_B_C,C3,C1
708,cgpa_experiments_B_C,C3,C3
412,cgpa_experiments_B_C,C0,C2
667,cgpa_experiments_B_C,C1,C1
135,cgpa_experiments_B_C,C1,C2
741,cgpa_experiments_B_C,C3,C3
594,cgpa_experiments_B_C,C3,C1
645,cgpa_experiments_B_C,C1,C1
1035,cgpa_experiments_B_C,C1,C1
1001,cgpa_experiments_B_C,C2,C1
777,cgpa_experiments_B_C,C1,C0
440,cgpa_experiments_B_C,C0,C3
609,cgpa_experiments_B_C,C0,C0
138,cgpa_experiments_B_C,C1,C0
502,cgpa_experiments_B_C,C1,C3
853,cgpa_experiments_B_C,C0,C0
655,cgpa_experiments_B_C,C2,C0
1067,cgpa_experiments_B_C,C1,C2
660,cgpa_experiments_B_C,C1,C3
597,cgpa_experiments_B_C,C1,C2
105,cgpa_experiments_B_C,C3,C0
822,cgpa_experiments_B_C,C1,C0
258,cgpa_experiments_B_C,C3,C3
96,cgpa_experiments_B_C,C2,C2
983,cgpa_experiments_B_C,C3,C2
85,cgpa_experiments_B_C,C2,C2
778,cgpa_experiments_B_C,C3,C3
860,cgpa_experiments_B_C,C2,C2
153,cgpa_experiments_B_C,C0,C3
833,cgpa_experiments_B_C,C2,C1
941,cgpa_experiments_B_C,C3,C3
980,cgpa_experiments_B_C,C1,C2
423,cgpa_experiments_B_C,C2,C0
301,cgpa_experiments_B_C,C1,C2
531,cgpa_experiments_B_C,C3,C0
254,cgpa_experiments_B_C,C2,C2
169,cgpa_experiments_B_C,C0,C0
723,cgpa_experiments_B_C,C2,C0
237,cgpa_experiments_B_C,C3,C3
109,cgpa_experiments_B_C,C3,C1
1091,cgpa_experiments_B_C,C1,C3
251,cgpa_experiments_B_C,C3,C3
1084,cgpa_experiments_B_C,C3,C3
30,cgpa_experiments_B_C,C1,C0
103,cgpa_experiments_B_C,C2,C2
601,cgpa_experiments_B_C,C0,C2
274,cgpa_experiments_B_C,C2,C2
174,cgpa_experiments_B_C,C1,C1
636,cgpa_experiments_B_C,C3,C0
781,cgpa_experiments_B_C,C0,C0
407,cgpa_experiments_B_C,C0,C2
493,cgpa_experiments_B_C,C2,C1
49,cgpa_experiments_B_C,C1,C2
289,cgpa_experiments_B_C,C1,C1
570,cgpa_experiments_B_C,C1,C0
1019,cgpa_experiments_B_C,C3,C3
155,cgpa_experiments_B_C,C2,C1
923,cgpa_experiments_B_C,C1,C2
66,cgpa_experiments_B_C,C3,C2
120,cgpa_experiments_B_C,C2,C2
215,cgpa_experiments_B_C,C3,C3
545,cgpa_experiments_B_C,C0,C3
1040,cgpa_experiments_B_C,C2,C3
969,cgpa_experiments_B_C,C1,C1
391,cgpa_experiments_B_C,C2,C2
972,cgpa_experiments_B_C,C2,C2
20,cgpa_experiments_B_C,C0,C1
945,cgpa_experiments_B_C,C3,C3
213,cgpa_experiments_B_C,C3,C1
914,cgpa_experiments_B_C,C3,C3
78,cgpa_experiments_B_C,C3,C3
217,cgpa_experiments_B_C,C0,C0
740,cgpa_experiments_B_C,C1,C3
52,cgpa_experiments_B_C,C1,C1
1009,cgpa_experiments_B_C,C3,C3
978,cgpa_experiments_B_C,C0,C0
1046,cgpa_experiments_B_C,C2,C1
916,cgpa_experiments_B_C,C0,C0
429,cgpa_experiments_B_C,C0,C1
746,cgpa_experiments_B_C,C2,C3
489,cgpa_experiments_B_C,C0,C3
350,cgpa_experiments_B_C,C1,C2
98,cgpa_experiments_B_C,C1,C0
175,cgpa_experiments_B_C,C2,C2
760,cgpa_experiments_B_C,C2,C0
888,cgpa_experiments_B_C,C0,C2
684,cgpa_experiments_B_C,C0,C0
999,cgpa_experiments_B_C,C1,C2
755,cgpa_experiments_B_C,C2,C0
451,cgpa_experiments_B_C,C2,C1
870,cgpa_experiments_B_C,C1,C1
733,cgpa_experiments_B_C,C1,C1
67,cgpa_experiments_B_C,C2,C2
200,cgpa_experiments_B_C,C3,C0
651,cgpa_experiments_B_C,C0,C2
847,cgpa_experiments_B_C,C1,C1
265,cgpa_experiments_B_C,C1,C2
586,cgpa_experiments_B_C,C0,C0
590,cgpa_experiments_B_C,C0,C1
620,cgpa_experiments_B_C,C3,C0
0,cgpa_experiments_B_C,C2,C2
331,cgpa_experiments_B_C,C2,C3
691,cgpa_experiments_B_C,C3,C1
142,cgpa_experiments_B_C,C3,C3
646,cgpa_experiments_B_C,C0,C0
965,cgpa_experiments_B_C,C2,C1
913,cgpa_experiments_B_C,C2,C2
232,cgpa_experiments_B_C,C2,C2
510,cgpa_experiments_B_C,C2,C1
770,cgpa_experiments_B_C,C2,C0
81,cgpa_experiments_B_C,C3,C3
858,cgpa_experiments_B_C,C1,C1
210,cgpa_experiments_B_C,C0,C1
674,cgpa_experiments_B_C,C0,C0
756,cgpa_experiments_B_C,C1,C0
354,cgpa_experiments_B_C,C1,C1
743,cgpa_experiments_B_C,C3,C2
345,cgpa_experiments_B_C,C3,C1
1072,cgpa_experiments_B_C,C3,C2
657,cgpa_experiments_B_C,C1,C3
320,cgpa_experiments_B_C,C3,C3
292,cgpa_experiments_B_C,C1,C0
1074,cgpa_experiments_B_C,C0,C1
819,cgpa_experiments_B_C,C0,C1
826,cgpa_experiments_B_C,C2,C1
302,cgpa_experiments_B_C,C3,C2
37,cgpa_experiments_B_C,C1,C2
762,cgpa_experiments_B_C,C3,C0
966,cgpa_experiments_B_C,C1,C1
818,cgpa_experiments_B_C,C3,C3
772,cgpa_experiments_B_C,C1,C2
119,cgpa_experiments_B_C,C3,C3
223,cgpa_experiments_B_C,C0,C3
614,cgpa_experiments_B_C,C3,C2
22,cgpa_experiments_B_C,C1,C2
443,cgpa_experiments_B_C,C3,C0
482,cgpa_experiments_B_C,C1,C3
1087,cgpa_experiments_B_C,C0,C1
403,cgpa_experiments_B_C,C1,C1
879,cgpa_experiments_B_C,C2,C1
467,cgpa_experiments_B_C,C1,C0
1083,cgpa_experiments_B_C,C1,C1
875,cgpa_experiments_B_C,C2,C2
397,cgpa_experiments_B_C,C2,C1
165,cgpa_experiments_B_C,C1,C2
266,cgpa_experiments_B_C,C2,C2
368,cgpa_experiments_B_C,C2,C2
705,cgpa_experiments_B_C,C0,C2
422,cgpa_experiments_B_C,C2,C3
732,cgpa_experiments_B_C,C0,C2
771,cgpa_experiments_B_C,C1,C2
946,cgpa_experiments_B_C,C2,C2
1037,cgpa_experiments_B_C,C0,C1
1002,cgpa_experiments_B_C,C0,C1
282,cgpa_experiments_B_C,C2,C2
448,cgpa_experiments_B_C,C2,C1
297,cgpa_experiments_B_C,C3,C3
856,cgpa_experiments_B_C,C0,C0
385,cgpa_experiments_B_C,C2,C0
312,cgpa_experiments_B_C,C2,C2
598,cgpa_experiments_B_C,C3,C3
306,cgpa_experiments_B_C,C2,C2
349,cgpa_experiments_B_C,C1,C1
929,cgpa_experiments_B_C,C1,C1
1,cgpa_experiments_B_C,C1,C1
831,cgpa_experiments_B_C,C2,C3
990,cgpa_experiments_B_C,C3,C3
1070,cgpa_experiments_B_C,C0,C0
892,cgpa_experiments_B_C,C2,C2
276,cgpa_experiments_B_C,C1,C3
1010,cgpa_experiments_B_C,C3,C3
1061,cgpa_experiments_B_C,C1,C2
593,cgpa_experiments_B_C,C2,C2
1077,cgpa_experiments_B_C,C0,C0
1100,cgpa_experiments_B_C,C2,C2
989,cgpa_experiments_B_C,C1,C1
1028,cgpa_experiments_B_C,C1,C0
567,cgpa_experiments_B_C,C2,C1
206,cgpa_experiments_B_C,C2,C1
927,cgpa_experiments_B_C,C3,C3
480,cgpa_experiments_B_C,C3,C3
287,cgpa_experiments_B_C,C2,C2
334,cgpa_experiments_B_C,C2,C2
727,cgpa_experiments_B_C,C2,C2
689,cgpa_experiments_B_C,C0,C0
694,cgpa_experiments_B_C,C1,C1
670,cgpa_experiments_B_C,C1,C1
185,cgpa_experiments_B_C,C1,C2
1093,cgpa_experiments_B_C,C2,C2
954,cgpa_experiments_B_C,C2,C2
333,cgpa_experiments_B_C,C2,C1
807,cgpa_experiments_B_C,C1,C2
149,cgpa_experiments_B_C,C0,C0
408,cgpa_experiments_B_C,C0,C1
358,cgpa_experiments_B_C,C0,C1
780,cgpa_experiments_B_C,C0,C0
218,cgpa_experiments_B_C,C0,C0
339,cgpa_experiments_B_C,C2,C1
528,cgpa_experiments_B_C,C1,C1
162,cgpa_experiments_B_C,C1,C1
698,cgpa_experiments_B_C,C1,C1
829,cgpa_experiments_B_C,C0,C3
38,cgpa_experiments_B_C,C1,C2
716,cgpa_experiments_B_C,C3,C0
797,cgpa_experiments_B_C,C3,C0
1056,cgpa_experiments_B_C,C1,C2
456,cgpa_experiments_B_C,C1,C3
250,cgpa_experiments_B_C,C1,C2
1000,cgpa_experiments_B_C,C3,C3
1006,cgpa_experiments_B_C,C2,C3
86,cgpa_experiments_B_C,C0,C1
1017,cgpa_experiments_B_C,C2,C2
986,cgpa_experiments_B_C,C3,C3
548,cgpa_experiments_B_C,C3,C2
450,cgpa_experiments_B_C,C1,C1
268,cgpa_experiments_B_C,C1,C1
794,cgpa_experiments_B_C,C2,C2
554,cgpa_experiments_B_C,C1,C3
688,cgpa_experiments_B_C,C1,C2
1082,cgpa_experiments_B_C,C3,C3
630,cgpa_experiments_B_C,C1,C0
1015,cgpa_experiments_B_C,C3,C3
525,cgpa_experiments_B_C,C0,C1
796,cgpa_experiments_B_C,C2,C0
256,cgpa_experiments_B_C,C1,C1
739,cgpa_experiments_B_C,C3,C0
50,cgpa_experiments_B_C,C0,C0
233,cgpa_experiments_B_C,C1,C1
1024,cgpa_experiments_B_C,C0,C0
522,cgpa_experiments_B_C,C2,C2
1020,cgpa_experiments_B_C,C2,C3
1031,cgpa_experiments_B_C,C2,C3
714,cgpa_experiments_B_C,C1,C1
39,cgpa_experiments_B_C,C2,C3
802,cgpa_experiments_B_C,C3,C2
1088,cgpa_experiments_B_C,C0,C0
899,cgpa_experiments_B_C,C0,C2
108,cgpa_experiments_B_C,C3,C3
151,cgpa_experiments_B_C,C2,C0
381,cgpa_experiments_B_C,C3,C0
683,cgpa_experiments_B_C,C0,C0
1069,cgpa_experiments_B_C,C1,C0
786,cgpa_experiments_B_C,C1,C0
656,cgpa_experiments_B_C,C3,C2
457,cgpa_experiments_B_C,C3,C0
62,cgpa_experiments_B_C,C3,C3
158,cgpa_experiments_B_C,C3,C0
481,cgpa_experiments_B_C,C0,C1
693,cgpa_experiments_B_C,C0,C3
984,cgpa_experiments_B_C,C1,C1
313,cgpa_experiments_B_C,C1,C1
338,cgpa_experiments_B_C,C1,C1
687,cgpa_experiments_B_C,C2,C0
509,cgpa_experiments_B_C,C3,C0
641,cgpa_experiments_B_C,C3,C1
231,cgpa_experiments_B_C,C2,C2
820,cgpa_experiments_B_C,C0,C2
264,cgpa_experiments_B_C,C1,C1
977,cgpa_experiments_B_C,C3,C3
957,cgpa_experiments_B_C,C2,C2
622,cgpa_experiments_B_C,C0,C3
842,cgpa_experiments_B_C,C1,C1
934,cgpa_experiments_B_C,C0,C1
414,cgpa_experiments_B_C,C2,C3
386,cgpa_experiments_B_C,C1,C2
196,cgpa_experiments_B_C,C0,C1
261,cgpa_experiments_B_C,C1,C1
245,cgpa_experiments_B_C,C3,C3
952,cgpa_experiments_B_C,C2,C2
677,cgpa_experiments_B_C,C1,C3
854,cgpa_experiments_B_C,C0,C0
469,cgpa_experiments_B_C,C2,C3
890,cgpa_experiments_B_C,C1,C1
360,cgpa_experiments_B_C,C3,C3
915,cgpa_experiments_B_C,C3,C3
928,cgpa_experiments_B_C,C2,C3
42,cgpa_experiments_B_C,C3,C3
430,cgpa_experiments_B_C,C3,C0
951,cgpa_experiments_B_C,C3,C3
625,cgpa_experiments_B_C,C1,C1
342,cgpa_experiments_B_C,C1,C1
242,cgpa_experiments_B_C,C2,C3
487,cgpa_experiments_B_C,C0,C1
398,cgpa_experiments_B_C,C2,C3
632,cgpa_experiments_B_C,C0,C3
1018,cgpa_experiments_B_C,C3,C3
769,cgpa_experiments_B_C,C2,C1
425,cgpa_experiments_B_C,C3,C0
843,cgpa_experiments_B_C,C1,C1
906,cgpa_experiments_B_C,C1,C2
259,cgpa_experiments_B_C,C1,C1
865,cgpa_experiments_B_C,C3,C3
308,cgpa_experiments_B_C,C2,C2
415,cgpa_experiments_B_C,C1,C3
573,cgpa_experiments_B_C,C3,C3
388,cgpa_experiments_B_C,C1,C2
775,cgpa_experiments_B_C,C0,C1
257,cgpa_experiments_B_C,C2,C3
736,cgpa_experiments_B_C,C0,C0
472,cgpa_experiments_B_C,C0,C3
296,cgpa_experiments_B_C,C2,C1
956,cgpa_experiments_B_C,C2,C1
706,cgpa_experiments_B_C,C3,C0
122,cgpa_experiments_B_C,C0,C2
190,cgpa_experiments_B_C,C0,C3
757,cgpa_experiments_B_C,C1,C2
828,cgpa_experiments_B_C,C1,C1
434,cgpa_experiments_B_C,C2,C3
839,cgpa_experiments_B_C,C2,C2
824,cgpa_experiments_B_C,C0,C1
337,cgpa_experiments_B_C,C2,C2
291,cgpa_experiments_B_C,C3,C3
961,cgpa_experiments_B_C,C1,C2
1005,cgpa_experiments_B_C,C2,C2
1016,cgpa_experiments_B_C,C1,C1
1105,cgpa_experiments_B_C,C1,C3
416,cgpa_experiments_B_C,C2,C3
241,cgpa_experiments_B_C,C2,C2
624,cgpa_experiments_B_C,C0,C3
1094,cgpa_experiments_B_C,C1,C0
28,cgpa_experiments_B_C,C0,C1
937,cgpa_experiments_B_C,C1,C1
834,cgpa_experiments_B_C,C2,C1
263,cgpa_experiments_B_C,C1,C1
442,cgpa_experiments_B_C,C1,C2
373,cgpa_experiments_B_C,C0,C0
603,cgpa_experiments_B_C,C1,C3
343,cgpa_experiments_B_C,C2,C3
145,cgpa_experiments_B_C,C3,C3
94,cgpa_experiments_B_C,C3,C3
400,cgpa_experiments_B_C,C1,C3
896,cgpa_experiments_B_C,C2,C0
536,cgpa_experiments_B_C,C0,C1
654,cgpa_experiments_B_C,C2,C0
713,cgpa_experiments_B_C,C2,C2
209,cgpa_experiments_B_C,C0,C0
494,cgpa_experiments_B_C,C2,C3
979,cgpa_experiments_B_C,C1,C1
516,cgpa_experiments_B_C,C3,C1
763,cgpa_experiments_B_C,C1,C0
618,cgpa_experiments_B_C,C1,C0
973,cgpa_experiments_B_C,C2,C2
45,cgpa_experiments_B_C,C2,C2
673,cgpa_experiments_B_C,C2,C0
148,cgpa_experiments_B_C,C0,C0
661,cgpa_experiments_B_C,C0,C3
702,cgpa_experiments_B_C,C0,C2
850,cgpa_experiments_B_C,C3,C3
811,cgpa_experiments_B_C,C3,C1
8,cgpa_experiments_B_C,C2,C2
955,cgpa_experiments_B_C,C3,C3
47,cgpa_experiments_B_C,C3,C3
612,cgpa_experiments_B_C,C0,C0
459,cgpa_experiments_B_C,C1,C3
963,cgpa_experiments_B_C,C2,C2
936,cgpa_experiments_B_C,C1,C1
99,cgpa_experiments_B_C,C1,C0
679,cgpa_experiments_B_C,C1,C3
857,cgpa_experiments_B_C,C1,C1
652,cgpa_experiments_B_C,C3,C3
500,cgpa_experiments_B_C,C2,C2
220,cgpa_experiments_B_C,C0,C3
933,cgpa_experiments_B_C,C2,C3
943,cgpa_experiments_B_C,C1,C1
527,cgpa_experiments_B_C,C1,C0
380,cgpa_experiments_B_C,C1,C3
823,cgpa_experiments_B_C,C2,C0
453,cgpa_experiments_B_C,C3,C0
887,cgpa_experiments_B_C,C2,C1
53,cgpa_experiments_B_C,C2,C2
610,cgpa_experiments_B_C,C0,C3
538,cgpa_experiments_B_C,C3,C3
721,cgpa_experiments_B_C,C1,C2
1095,cgpa_experiments_B_C,C0,C0
1102,cgpa_experiments_B_C,C1,C1
303,cgpa_experiments_B_C,C3,C2
161,cgpa_experiments_B_C,C3,C1
1032,cgpa_experiments_B_C,C1,C3
800,cgpa_experiments_B_C,C0,C3
809,cgpa_experiments_B_C,C2,C2
891,cgpa_experiments_B_C,C3,C2
863,cgpa_experiments_B_C,C1,C1
113,cgpa_experiments_B_C,C1,C3
962,cgpa_experiments_B_C,C2,C2
730,cgpa_experiments_B_C,C1,C1
285,cgpa_experiments_B_C,C1,C1
84,cgpa_experiments_B_C,C3,C3
329,cgpa_experiments_B_C,C1,C1
27,cgpa_experiments_B_C,C3,C2
551,cgpa_experiments_B_C,C2,C3
549,cgpa_experiments_B_C,C2,C1
511,cgpa_experiments_B_C,C2,C1
383,cgpa_experiments_B_C,C0,C3
725,cgpa_experiments_B_C,C3,C1
326,cgpa_experiments_B_C,C1,C1
17,cgpa_experiments_B_C,C2,C2
394,cgpa_experiments_B_C,C3,C3
552,cgpa_experiments_B_C,C1,C0
91,cgpa_experiments_B_C,C3,C3
314,cgpa_experiments_B_C,C2,C3
627,cgpa_experiments_B_C,C2,C3
16,cgpa_experiments_B_C,C1,C0
160,cgpa_experiments_B_C,C1,C1
77,cgpa_experiments_B_C,C1,C0
801,cgpa_experiments_B_C,C2,C1
97,cgpa_experiments_B_C,C1,C1
439,cgpa_experiments_B_C,C3,C1
905,cgpa_experiments_B_C,C3,C0
25,cgpa_experiments_B_C,C1,C1
353,cgpa_experiments_B_C,C0,C1
293,cgpa_experiments_B_C,C3,C2
841,cgpa_experiments_B_C,C0,C0
82,cgpa_experiments_B_C,C1,C0
182,cgpa_experiments_B_C,C1,C2
894,cgpa_experiments_B_C,C2,C1
968,cgpa_experiments_B_C,C1,C3
255,cgpa_experiments_B_C,C1,C1
563,cgpa_experiments_B_C,C3,C2
799,cgpa_experiments_B_C,C1,C3
304,cgpa_experiments_B_C,C1,C2
144,cgpa_experiments_B_C,C1,C3
236,cgpa_experiments_B_C,C2,C2
506,cgpa_experiments_B_C,C3,C2
1041,cgpa_experiments_B_C,C3,C3
901,cgpa_experiments_B_C,C2,C3
976,cgpa_experiments_B_C,C1,C1
751,cgpa_experiments_B_C,C1,C2
418,cgpa_experiments_B_C,C3,C3
7,cgpa_experiments_B_C,C1,C2
79,cgpa_experiments_B_C,C1,C1
69,cgpa_experiments_B_C,C0,C0
468,cgpa_experiments_B_C,C1,C2
877,cgpa_experiments_B_C,C2,C0
782,cgpa_experiments_B_C,C2,C0
893,cgpa_experiments_B_C,C1,C2
897,cgpa_experiments_B_C,C2,C2
529,cgpa_experiments_B_C,C2,C3
248,cgpa_experiments_B_C,C3,C3
921,cgpa_experiments_B_C,C1,C1
214,cgpa_experiments_B_C,C3,C2
932,cgpa_experiments_B_C,C2,C2
111,cgpa_experiments_B_C,C2,C0
234,cgpa_experiments_B_C,C2,C2
322,cgpa_experiments_B_C,C3,C3
503,cgpa_experiments_B_C,C3,C0
776,cgpa_experiments_B_C,C0,C3
550,cgpa_experiments_B_C,C0,C0
998,cgpa_experiments_B_C,C2,C2
783,cgpa_experiments_B_C,C2,C1
1049,cgpa_experiments_B_C,C0,C1
910,cgpa_experiments_B_C,C0,C0
34,cgpa_experiments_B_C,C0,C0
393,cgpa_experiments_B_C,C3,C1
838,cgpa_experiments_B_C,C1,C1
1050,cgpa_experiments_B_C,C2,C2
534,cgpa_experiments_B_C,C3,C0
1086,cgpa_experiments_B_C,C1,C2
497,cgpa_experiments_B_C,C1,C0
73,cgpa_experiments_B_C,C1,C1
219,cgpa_experiments_B_C,C3,C1
170,cgpa_experiments_B_C,C2,C1
750,cgpa_experiments_B_C,C3,C2
315,cgpa_experiments_B_C,C2,C2
355,cgpa_experiments_B_C,C1,C1
701,cgpa_experiments_B_C,C3,C2
277,cgpa_experiments_B_C,C1,C2
164,cgpa_experiments_B_C,C0,C3
565,cgpa_experiments_B_C,C2,C2
696,cgpa_experiments_B_C,C0,C0
409,cgpa_experiments_B_C,C3,C2
437,cgpa_experiments_B_C,C0,C1
1036,cgpa_experiments_B_C,C2,C2
348,cgpa_experiments_B_C,C2,C3
132,cgpa_experiments_B_C,C2,C3
157,cgpa_experiments_B_C,C2,C2
587,cgpa_experiments_B_C,C0,C3
1090,cgpa_experiments_B_C,C2,C2
559,cgpa_experiments_B_C,C3,C3
136,cgpa_experiments_B_C,C1,C1
495,cgpa_experiments_B_C,C1,C1
920,cgpa_experiments_B_C,C2,C3
925,cgpa_experiments_B_C,C0,C0
671,cgpa_experiments_B_C,C1,C0
871,cgpa_experiments_B_C,C1,C1
600,cgpa_experiments_B_C,C3,C1
281,cgpa_experiments_B_C,C0,C0
102,cgpa_experiments_B_C,C2,C2
441,cgpa_experiments_B_C,C2,C1
323,cgpa_experiments_B_C,C3,C2
357,cgpa_experiments_B_C,C2,C3
327,cgpa_experiments_B_C,C0,C1
939,cgpa_experiments_B_C,C1,C1
643,cgpa_experiments_B_C,C2,C3
812,cgpa_experiments_B_C,C0,C2
64,cgpa_experiments_B_C,C2,C2
608,cgpa_experiments_B_C,C3,C3
474,cgpa_experiments_B_C,C0,C3
498,cgpa_experiments_B_C,C0,C3
1047,cgpa_experiments_B_C,C3,C3
884,cgpa_experiments_B_C,C2,C2
43,cgpa_experiments_B_C,C0,C0
1014,cgpa_experiments_B_C,C0,C0
1101,cgpa_experiments_B_C,C3,C3
369,cgpa_experiments_B_C,C2,C2
804,cgpa_experiments_B_C,C0,C3
341,cgpa_experiments_B_C,C1,C1
761,cgpa_experiments_B_C,C2,C1
997,cgpa_experiments_B_C,C2,C1
421,cgpa_experiments_B_C,C0,C0
252,cgpa_experiments_B_C,C3,C3
72,cgpa_experiments_B_C,C2,C1
477,cgpa_experiments_B_C,C0,C3
1033,cgpa_experiments_B_C,C2,C2
60,cgpa_experiments_B_C,C2,C2
719,cgpa_experiments_B_C,C1,C1
2,cgpa_experiments_B_C,C2,C3
876,cgpa_experiments_B_C,C3,C2
71,cgpa_experiments_B_C,C3,C3
561,cgpa_experiments_B_C,C2,C3
194,cgpa_experiments_B_C,C3,C0
720,cgpa_experiments_B_C,C3,C0
542,cgpa_experiments_B_C,C1,C0
555,cgpa_experiments_B_C,C1,C1
411,cgpa_experiments_B_C,C0,C1
377,cgpa_experiments_B_C,C1,C1
749,cgpa_experiments_B_C,C3,C1
813,cgpa_experiments_B_C,C3,C2
420,cgpa_experiments_B_C,C0,C2
1038,cgpa_experiments_B_C,C1,C2
707,cgpa_experiments_B_C,C1,C3
992,cgpa_experiments_B_C,C0,C2
695,cgpa_experiments_B_C,C3,C2
376,cgpa_experiments_B_C,C2,C1
1078,cgpa_experiments_B_C,C0,C0
747,cgpa_experiments_B_C,C3,C0
790,cgpa_experiments_B_C,C0,C2
204,cgpa_experiments_B_C,C2,C3
866,cgpa_experiments_B_C,C3,C3
275,cgpa_experiments_B_C,C1,C1
424,cgpa_experiments_B_C,C1,C1
685,cgpa_experiments_B_C,C0,C2
1029,cgpa_experiments_B_C,C2,C2
5,cgpa_experiments_B_C,C2,C2
186,cgpa_experiments_B_C,C2,C2
931,cgpa_experiments_B_C,C3,C3
993,cgpa_experiments_B_C,C1,C3
864,cgpa_experiments_B_C,C2,C2
504,cgpa_experiments_B_C,C1,C2
855,cgpa_experiments_B_C,C2,C2
427,cgpa_experiments_B_C,C0,C3
580,cgpa_experiments_B_C,C2,C2
737,cgpa_experiments_B_C,C1,C3
466,cgpa_experiments_B_C,C0,C3
664,cgpa_experiments_B_C,C3,C0
24,cgpa_experiments_B_C,C2,C3
791,cgpa_experiments_B_C,C2,C3
80,cgpa_experiments_B_C,C2,C1
21,cgpa_experiments_B_C,C3,C3
221,cgpa_experiments_B_C,C0,C3
134,cgpa_experiments_B_C,C0,C0
672,cgpa_experiments_B_C,C0,C1
765,cgpa_experiments_B_C,C0,C0
238,cgpa_experiments_B_C,C3,C3
758,cgpa_experiments_B_C,C0,C0
240,cgpa_experiments_B_C,C3,C3
604,cgpa_experiments_B_C,C0,C2
168,cgpa_experiments_B_C,C3,C0
1003,cgpa_experiments_B_C,C2,C2
578,cgpa_experiments_B_C,C0,C0
300,cgpa_experiments_B_C,C3,C3
798,cgpa_experiments_B_C,C1,C2
697,cgpa_experiments_B_C,C3,C0
83,cgpa_experiments_B_C,C0,C0
637,cgpa_experiments_B_C,C2,C0
365,cgpa_experiments_B_C,C1,C1
975,cgpa_experiments_B_C,C1,C1
988,cgpa_experiments_B_C,C1,C2
642,cgpa_experiments_B_C,C1,C3
1007,cgpa_experiments_B_C,C1,C2
310,cgpa_experiments_B_C,C1,C1
633,cgpa_experiments_B_C,C2,C2
1071,cgpa_experiments_B_C,C2,C1
432,cgpa_experiments_B_C,C2,C0
991,cgpa_experiments_B_C,C1,C0
728,cgpa_experiments_B_C,C0,C3
51,cgpa_experiments_B_C,C0,C0
205,cgpa_experiments_B_C,C0,C1
4,cgpa_experiments_B_C,C2,C2
974,cgpa_experiments_B_C,C0,C0
668,cgpa_experiments_B_C,C2,C0
294,cgpa_experiments_B_C,C1,C2
244,cgpa_experiments_B_C,C1,C2
29,cgpa_experiments_B_C,C2,C3
518,cgpa_experiments_B_C,C3,C2
844,cgpa_experiments_B_C,C0,C0
33,cgpa_experiments_B_C,C1,C1
389,cgpa_experiments_B_C,C1,C0
36,cgpa_experiments_B_C,C1,C2
944,cgpa_experiments_B_C,C2,C2
917,cgpa_experiments_B_C,C1,C1
346,cgpa_experiments_B_C,C0,C1
363,cgpa_experiments_B_C,C2,C3
488,cgpa_experiments_B_C,C3,C3
387,cgpa_experiments_B_C,C3,C0
307,cgpa_experiments_B_C,C2,C1
230,cgpa_experiments_B_C,C3,C3
825,cgpa_experiments_B_C,C2,C3
662,cgpa_experiments_B_C,C0,C2
607,cgpa_experiments_B_C,C3,C3
724,cgpa_experiments_B_C,C3,C1
680,cgpa_experiments_B_C,C2,C3
193,cgpa_experiments_B_C,C1,C0
558,cgpa_experiments_B_C,C2,C0
143,cgpa_experiments_B_C,C0,C3
201,cgpa_experiments_B_C,C0,C0
208,cgpa_experiments_B_C,C0,C1
227,cgpa_experiments_B_C,C2,C2
665,cgpa_experiments_B_C,C1,C2
1085,cgpa_experiments_B_C,C0,C0
114,cgpa_experiments_B_C,C3,C0
44,cgpa_experiments_B_C,C3,C3
1054,cgpa_experiments_B_C,C0,C1
881,cgpa_experiments_B_C,C2,C2
768,cgpa_experiments_B_C,C2,C1
774,cgpa_experiments_B_C,C2,C3
141,cgpa_experiments_B_C,C0,C3
753,cgpa_experiments_B_C,C1,C0
712,cgpa_experiments_B_C,C0,C2
485,cgpa_experiments_B_C,C0,C1
501,cgpa_experiments_B_C,C0,C1
121,cgpa_experiments_B_C,C3,C0
981,cgpa_experiments_B_C,C3,C3
290,cgpa_experiments_B_C,C3,C2
560,cgpa_experiments_B_C,C2,C2
396,cgpa_experiments_B_C,C3,C0
188,cgpa_experiments_B_C,C2,C2
317,cgpa_experiments_B_C,C1,C2
1025,cgpa_experiments_B_C,C1,C2
1063,cgpa_experiments_B_C,C0,C0
316,cgpa_experiments_B_C,C1,C1
611,cgpa_experiments_B_C,C1,C3
553,cgpa_experiments_B_C,C3,C3
476,cgpa_experiments_B_C,C0,C3
12,cgpa_experiments_B_C,C1,C2
1097,cgpa_experiments_B_C,C1,C1
106,cgpa_experiments_B_C,C0,C0
239,cgpa_experiments_B_C,C3,C2
405,cgpa_experiments_B_C,C3,C2
211,cgpa_experiments_B_C,C0,C1
123,cgpa_experiments_B_C,C1,C0
626,cgpa_experiments_B_C,C0,C3
1062,cgpa_experiments_B_C,C2,C3
658,cgpa_experiments_B_C,C2,C0
544,cgpa_experiments_B_C,C0,C0
1060,cgpa_experiments_B_C,C1,C1
59,cgpa_experiments_B_C,C2,C2
872,cgpa_experiments_B_C,C2,C2
137,cgpa_experiments_B_C,C1,C0
773,cgpa_experiments_B_C,C0,C2
464,cgpa_experiments_B_C,C0,C2
787,cgpa_experiments_B_C,C2,C0
207,cgpa_experiments_B_C,C1,C3
1076,cgpa_experiments_B_C,C0,C1
867,cgpa_experiments_B_C,C3,C3
19,cgpa_experiments_B_C,C2,C2
885,cgpa_experiments_B_C,C3,C3
557,cgpa_experiments_B_C,C0,C0
1080,cgpa_experiments_B_C,C0,C0
810,cgpa_experiments_B_C,C1,C2
1051,cgpa_experiments_B_C,C0,C0
359,cgpa_experiments_B_C,C1,C1
846,cgpa_experiments_B_C,C2,C2
904,cgpa_experiments_B_C,C1,C1
666,cgpa_experiments_B_C,C1,C1
295,cgpa_experiments_B_C,C3,C3
882,cgpa_experiments_B_C,C2,C3
366,cgpa_experiments_B_C,C0,C0
335,cgpa_experiments_B_C,C1,C1
14,cgpa_experiments_B_C,C3,C3
419,cgpa_experiments_B_C,C1,C1
272,cgpa_experiments_B_C,C1,C2
1098,cgpa_experiments_B_C,C0,C0
789,cgpa_experiments_B_C,C3,C1
546,cgpa_experiments_B_C,C3,C2
902,cgpa_experiments_B_C,C1,C1
179,cgpa_experiments_B_C,C2,C2
1013,cgpa_experiments_B_C,C1,C1
631,cgpa_experiments_B_C,C3,C3
964,cgpa_experiments_B_C,C3,C3
678,cgpa_experiments_B_C,C2,C0
1104,cgpa_experiments_B_C,C1,C3
718,cgpa_experiments_B_C,C2,C0
907,cgpa_experiments_B_C,C0,C2
629,cgpa_experiments_B_C,C3,C1
803,cgpa_experiments_B_C,C1,C3
104,cgpa_experiments_B_C,C0,C0
690,cgpa_experiments_B_C,C0,C1
395,cgpa_experiments_B_C,C2,C3
212,cgpa_experiments_B_C,C0,C1
686,cgpa_experiments_B_C,C3,C0
547,cgpa_experiments_B_C,C2,C3
556,cgpa_experiments_B_C,C0,C0
370,cgpa_experiments_B_C,C1,C1
70,cgpa_experiments_B_C,C0,C0
253,cgpa_experiments_B_C,C0,C1
530,cgpa_experiments_B_C,C2,C2
880,cgpa_experiments_B_C,C3,C2
935,cgpa_experiments_B_C,C0,C0
971,cgpa_experiments_B_C,C0,C0
676,cgpa_experiments_B_C,C2,C0
745,cgpa_experiments_B_C,C3,C2
305,cgpa_experiments_B_C,C0,C1
496,cgpa_experiments_B_C,C3,C0
177,cgpa_experiments_B_C,C2,C3
404,cgpa_experiments_B_C,C2,C3
900,cgpa_experiments_B_C,C1,C1
985,cgpa_experiments_B_C,C1,C1
638,cgpa_experiments_B_C,C2,C0
31,cgpa_experiments_B_C,C3,C3
994,cgpa_experiments_B_C,C1,C2
1008,cgpa_experiments_B_C,C3,C3
284,cgpa_experiments_B_C,C0,C0
704,cgpa_experiments_B_C,C2,C1
635,cgpa_experiments_B_C,C2,C2
938,cgpa_experiments_B_C,C1,C2
663,cgpa_experiments_B_C,C2,C3
117,cgpa_experiments_B_C,C3,C0
330,cgpa_experiments_B_C,C2,C2
202,cgpa_experiments_B_C,C0,C0
744,cgpa_experiments_B_C,C1,C0
996,cgpa_experiments_B_C,C1,C1
588,cgpa_experiments_B_C,C1,C1
613,cgpa_experiments_B_C,C0,C3
41,cgpa_experiments_B_C,C1,C0
325,cgpa_experiments_B_C,C1,C1
197,cgpa_experiments_B_C,C2,C0
319,cgpa_experiments_B_C,C1,C1
54,cgpa_experiments_B_C,C2,C2
681,cgpa_experiments_B_C,C3,C3
378,cgpa_experiments_B_C,C0,C2
1011,cgpa_experiments_B_C,C3,C3
126,cgpa_experiments_B_C,C0,C2
1052,cgpa_experiments_B_C,C1,C2
10,cgpa_experiments_B_C,C2,C3
364,cgpa_experiments_B_C,C1,C1
100,cgpa_experiments_B_C,C1,C1
152,cgpa_experiments_B_C,C2,C0
332,cgpa_experiments_B_C,C3,C2
1089,cgpa_experiments_B_C,C3,C3
868,cgpa_experiments_B_C,C1,C1
46,cgpa_experiments_B_C,C3,C3
644,cgpa_experiments_B_C,C3,C3
640,cgpa_experiments_B_C,C1,C3
584,cgpa_experiments_B_C,C1,C1
243,cgpa_experiments_B_C,C2,C3
454,cgpa_experiments_B_C,C0,C1
738,cgpa_experiments_B_C,C0,C3
68,cgpa_experiments_B_C,C1,C2
286,cgpa_experiments_B_C,C3,C2
298,cgpa_experiments_B_C,C2,C2
413,cgpa_experiments_B_C,C0,C0
849,cgpa_experiments_B_C,C0,C0
566,cgpa_experiments_B_C,C3,C1
89,cgpa_experiments_B_C,C3,C3
173,cgpa_experiments_B_C,C0,C1
754,cgpa_experiments_B_C,C1,C3
40,cgpa_experiments_B_C,C1,C0
837,cgpa_experiments_B_C,C2,C2
444,cgpa_experiments_B_C,C2,C0
13,cgpa_experiments_B_C,C3,C3
426,cgpa_experiments_B_C,C3,C1
959,cgpa_experiments_B_C,C2,C3
269,cgpa_experiments_B_C,C1,C1
224,cgpa_experiments_B_C,C2,C2
833,sgpa_experiment_A,C2,C1
988,sgpa_experiment_A,C1,C2
1043,sgpa_experiment_A,C1,C3
269,sgpa_experiment_A,C1,C1
104,sgpa_experiment_A,C0,C0
388,sgpa_experiment_A,C1,C2
545,sgpa_experiment_A,C0,C3
798,sgpa_experiment_A,C1,C2
141,sgpa_experiment_A,C0,C3
436,sgpa_experiment_A,C1,C3
539,sgpa_experiment_A,C2,C1
803,sgpa_experiment_A,C1,C3
245,sgpa_experiment_A,C3,C3
861,sgpa_experiment_A,C1,C1
738,sgpa_experiment_A,C0,C3
238,sgpa_experiment_A,C3,C3
575,sgpa_experiment_A,C3,C0
586,sgpa_experiment_A,C0,C0
123,sgpa_experiment_A,C1,C0
621,sgpa_experiment_A,C0,C1
895,sgpa_experiment_A,C0,C0
7,sgpa_experiment_A,C1,C2
602,sgpa_experiment_A,C2,C2
360,sgpa_experiment_A,C3,C3
620,sgpa_experiment_A,C3,C0
219,sgpa_experiment_A,C3,C1
60,sgpa_experiment_A,C2,C2
644,sgpa_experiment_A,C3,C3
574,sgpa_experiment_A,C1,C0
995,sgpa_experiment_A,C3,C3
435,sgpa_experiment_A,C1,C0
293,sgpa_experiment_A,C3,C2
1089,sgpa_experiment_A,C3,C3
170,sgpa_experiment_A,C2,C1
92,sgpa_experiment_A,C0,C0
587,sgpa_experiment_A,C0,C3
232,sgpa_experiment_A,C2,C2
270,sgpa_experiment_A,C1,C1
101,sgpa_experiment_A,C3,C3
312,sgpa_experiment_A,C2,C2
943,sgpa_experiment_A,C1,C1
273,sgpa_experiment_A,C3,C3
369,sgpa_experiment_A,C2,C2
162,sgpa_experiment_A,C1,C1
463,sgpa_experiment_A,C2,C1
973,sgpa_experiment_A,C2,C2
465,sgpa_experiment_A,C2,C0
608,sgpa_experiment_A,C3,C3
1049,sgpa_experiment_A,C0,C1
663,sgpa_experiment_A,C2,C3
267,sgpa_experiment_A,C2,C1
790,sgpa_experiment_A,C0,C2
200,sgpa_experiment_A,C3,C0
810,sgpa_experiment_A,C1,C2
255,sgpa_experiment_A,C1,C1
288,sgpa_experiment_A,C0,C0
860,sgpa_experiment_A,C2,C2
1003,sgpa_experiment_A,C2,C2
938,sgpa_experiment_A,C1,C2
1015,sgpa_experiment_A,C3,C3
320,sgpa_experiment_A,C3,C3
407,sgpa_experiment_A,C0,C2
302,sgpa_experiment_A,C3,C2
522,sgpa_experiment_A,C2,C2
387,sgpa_experiment_A,C3,C0
991,sgpa_experiment_A,C1,C0
1067,sgpa_experiment_A,C1,C2
78,sgpa_experiment_A,C3,C3
759,sgpa_experiment_A,C1,C1
594,sgpa_experiment_A,C3,C1
590,sgpa_experiment_A,C0,C1
403,sgpa_experiment_A,C1,C1
835,sgpa_experiment_A,C2,C2
929,sgpa_experiment_A,C1,C1
113,sgpa_experiment_A,C1,C3
284,sgpa_experiment_A,C0,C0
742,sgpa_experiment_A,C0,C0
0,sgpa_experiment_A,C2,C2
920,sgpa_experiment_A,C2,C3
838,sgpa_experiment_A,C1,C1
926,sgpa_experiment_A,C2,C2
482,sgpa_experiment_A,C1,C3
66,sgpa_experiment_A,C3,C2
1051,sgpa_experiment_A,C0,C0
760,sgpa_experiment_A,C2,C0
70,sgpa_experiment_A,C0,C0
699,sgpa_experiment_A,C0,C0
143,sgpa_experiment_A,C0,C3
543,sgpa_experiment_A,C3,C1
283,sgpa_experiment_A,C2,C2
569,sgpa_experiment_A,C0,C1
14,sgpa_experiment_A,C3,C3
658,sgpa_experiment_A,C2,C0
226,sgpa_experiment_A,C0,C3
206,sgpa_experiment_A,C2,C1
1062,sgpa_experiment_A,C2,C3
1025,sgpa_experiment_A,C1,C2
116,sgpa_experiment_A,C3,C2
276,sgpa_experiment_A,C1,C3
402,sgpa_experiment_A,C2,C0
532,sgpa_experiment_A,C2,C3
761,sgpa_experiment_A,C2,C1
999,sgpa_experiment_A,C1,C2
935,sgpa_experiment_A,C0,C0
506,sgpa_experiment_A,C3,C2
639,sgpa_experiment_A,C3,C1
47,sgpa_experiment_A,C3,C3
846,sgpa_experiment_A,C2,C2
418,sgpa_experiment_A,C3,C3
623,sgpa_experiment_A,C2,C0
593,sgpa_experiment_A,C2,C2
796,sgpa_experiment_A,C2,C0
300,sgpa_experiment_A,C3,C3
414,sgpa_experiment_A,C2,C3
917,sgpa_experiment_A,C1,C1
368,sgpa_experiment_A,C2,C2
622,sgpa_experiment_A,C0,C3
20,sgpa_experiment_A,C0,C1
603,sgpa_experiment_A,C1,C3
131,sgpa_experiment_A,C3,C0
469,sgpa_experiment_A,C2,C3
128,sgpa_experiment_A,C1,C0
390,sgpa_experiment_A,C0,C1
962,sgpa_experiment_A,C2,C2
404,sgpa_experiment_A,C2,C3
809,sgpa_experiment_A,C2,C2
1059,sgpa_experiment_A,C1,C2
177,sgpa_experiment_A,C2,C3
690,sgpa_experiment_A,C0,C1
121,sgpa_experiment_A,C3,C0
119,sgpa_experiment_A,C3,C3
256,sgpa_experiment_A,C1,C1
28,sgpa_experiment_A,C0,C1
713,sgpa_experiment_A,C2,C2
393,sgpa_experiment_A,C3,C1
933,sgpa_experiment_A,C2,C3
985,sgpa_experiment_A,C1,C1
129,sgpa_experiment_A,C1,C0
907,sgpa_experiment_A,C0,C2
961,sgpa_experiment_A,C1,C2
85,sgpa_experiment_A,C2,C2
601,sgpa_experiment_A,C0,C2
913,sgpa_experiment_A,C2,C2
525,sgpa_experiment_A,C0,C1
694,sgpa_experiment_A,C1,C1
93,sgpa_experiment_A,C1,C1
617,sgpa_experiment_A,C2,C0
807,sgpa_experiment_A,C1,C2
21,sgpa_experiment_A,C3,C3
1041,sgpa_experiment_A,C3,C3
755,sgpa_experiment_A,C2,C0
479,sgpa_experiment_A,C2,C2
361,sgpa_experiment_A,C1,C1
794,sgpa_experiment_A,C2,C2
296,sgpa_experiment_A,C2,C1
955,sgpa_experiment_A,C3,C3
805,sgpa_experiment_A,C2,C2
349,sgpa_experiment_A,C1,C1
734,sgpa_experiment_A,C1,C1
437,sgpa_experiment_A,C0,C1
953,sgpa_experiment_A,C2,C2
556,sgpa_experiment_A,C0,C0
588,sgpa_experiment_A,C1,C1
424,sgpa_experiment_A,C1,C1
354,sgpa_experiment_A,C1,C1
1093,sgpa_experiment_A,C2,C2
16,sgpa_experiment_A,C1,C0
142,sgpa_experiment_A,C3,C3
357,sgpa_experiment_A,C2,C3
795,sgpa_experiment_A,C3,C3
169,sgpa_experiment_A,C0,C0
439,sgpa_experiment_A,C3,C1
695,sgpa_experiment_A,C3,C2
187,sgpa_experiment_A,C1,C2
181,sgpa_experiment_A,C1,C1
877,sgpa_experiment_A,C2,C0
430,sgpa_experiment_A,C3,C0
1033,sgpa_experiment_A,C2,C2
509,sgpa_experiment_A,C3,C0
665,sgpa_experiment_A,C1,C2
902,sgpa_experiment_A,C1,C1
1055,sgpa_experiment_A,C1,C1
651,sgpa_experiment_A,C0,C2
844,sgpa_experiment_A,C0,C0
676,sgpa_experiment_A,C2,C0
866,sgpa_experiment_A,C3,C3
946,sgpa_experiment_A,C2,C2
22,sgpa_experiment_A,C1,C2
1027,sgpa_experiment_A,C3,C3
265,sgpa_experiment_A,C1,C2
12,sgpa_experiment_A,C1,C2
800,sgpa_experiment_A,C0,C3
655,sgpa_experiment_A,C2,C0
17,sgpa_experiment_A,C2,C2
892,sgpa_experiment_A,C2,C2
589,sgpa_experiment_A,C1,C0
612,sgpa_experiment_A,C0,C0
135,sgpa_experiment_A,C1,C2
422,sgpa_experiment_A,C2,C3
775,sgpa_experiment_A,C0,C1
740,sgpa_experiment_A,C1,C3
547,sgpa_experiment_A,C2,C3
654,sgpa_experiment_A,C2,C0
1017,sgpa_experiment_A,C2,C2
950,sgpa_experiment_A,C3,C3
641,sgpa_experiment_A,C3,C1
102,sgpa_experiment_A,C2,C2
456,sgpa_experiment_A,C1,C3
246,sgpa_experiment_A,C2,C3
733,sgpa_experiment_A,C1,C1
152,sgpa_experiment_A,C2,C0
673,sgpa_experiment_A,C2,C0
908,sgpa_experiment_A,C0,C3
76,sgpa_experiment_A,C1,C1
207,sgpa_experiment_A,C1,C3
154,sgpa_experiment_A,C2,C2
374,sgpa_experiment_A,C2,C1
477,sgpa_experiment_A,C0,C3
335,sgpa_experiment_A,C1,C1
1069,sgpa_experiment_A,C1,C0
770,sgpa_experiment_A,C2,C0
428,sgpa_experiment_A,C2,C2
462,sgpa_experiment_A,C1,C3
801,sgpa_experiment_A,C2,C1
498,sgpa_experiment_A,C0,C3
307,sgpa_experiment_A,C2,C1
635,sgpa_experiment_A,C2,C2
285,sgpa_experiment_A,C1,C1
346,sgpa_experiment_A,C0,C1
194,sgpa_experiment_A,C3,C0
1002,sgpa_experiment_A,C0,C1
11,sgpa_experiment_A,C1,C1
391,sgpa_experiment_A,C2,C2
1088,sgpa_experiment_A,C0,C0
660,sgpa_experiment_A,C1,C3
1079,sgpa_experiment_A,C1,C1
345,sgpa_experiment_A,C3,C1
681,sgpa_experiment_A,C3,C3
923,sgpa_experiment_A,C1,C2
4,sgpa_experiment_A,C2,C2
268,sgpa_experiment_A,C1,C1
122,sgpa_experiment_A,C0,C2
600,sgpa_experiment_A,C3,C1
696,sgpa_experiment_A,C0,C0
816,sgpa_experiment_A,C3,C1
716,sgpa_experiment_A,C3,C0
1083,sgpa_experiment_A,C1,C1
398,sgpa_experiment_A,C2,C3
1010,sgpa_experiment_A,C3,C3
309,sgpa_experiment_A,C2,C2
675,sgpa_experiment_A,C3,C2
185,sgpa_experiment_A,C1,C2
304,sgpa_experiment_A,C1,C2
1021,sgpa_experiment_A,C0,C0
974,sgpa_experiment_A,C0,C0
316,sgpa_experiment_A,C1,C1
963,sgpa_experiment_A,C2,C2
754,sgpa_experiment_A,C1,C3
822,sgpa_experiment_A,C1,C0
37,sgpa_experiment_A,C1,C2
233,sgpa_experiment_A,C1,C1
642,sgpa_experiment_A,C1,C3
25,sgpa_experiment_A,C1,C1
1016,sgpa_experiment_A,C1,C1
1107,sgpa_experiment_A,C3,C3
90,sgpa_experiment_A,C3,C2
278,sgpa_experiment_A,C3,C3
1066,sgpa_experiment_A,C0,C0
712,sgpa_experiment_A,C0,C2
56,sgpa_experiment_A,C2,C1
166,sgpa_experiment_A,C0,C1
730,sgpa_experiment_A,C1,C1
1020,sgpa_experiment_A,C2,C3
1077,sgpa_experiment_A,C0,C0
812,sgpa_experiment_A,C0,C2
619,sgpa_experiment_A,C3,C1
901,sgpa_experiment_A,C2,C3
254,sgpa_experiment_A,C2,C2
572,sgpa_experiment_A,C1,C1
951,sgpa_experiment_A,C3,C3
783,sgpa_experiment_A,C2,C1
792,sgpa_experiment_A,C2,C2
1096,sgpa_experiment_A,C3,C3
682,sgpa_experiment_A,C2,C0
582,sgpa_experiment_A,C1,C1
1036,sgpa_experiment_A,C2,C2
240,sgpa_experiment_A,C3,C3
707,sgpa_experiment_A,C1,C3
806,sgpa_experiment_A,C0,C2
990,sgpa_experiment_A,C3,C3
118,sgpa_experiment_A,C1,C0
389,sgpa_experiment_A,C1,C0
299,sgpa_experiment_A,C0,C0
741,sgpa_experiment_A,C3,C3
171,sgpa_experiment_A,C0,C0
1057,sgpa_experiment_A,C2,C2
996,sgpa_experiment_A,C1,C1
793,sgpa_experiment_A,C0,C1
419,sgpa_experiment_A,C1,C1
782,sgpa_experiment_A,C2,C0
976,sgpa_experiment_A,C1,C1
693,sgpa_experiment_A,C0,C3
472,sgpa_experiment_A,C0,C3
1026,sgpa_experiment_A,C0,C2
364,sgpa_experiment_A,C1,C1
515,sgpa_experiment_A,C1,C3
109,sgpa_experiment_A,C3,C1
69,sgpa_experiment_A,C0,C0
178,sgpa_experiment_A,C2,C2
331,sgpa_experiment_A,C2,C3
251,sgpa_experiment_A,C3,C3
495,sgpa_experiment_A,C1,C1
516,sgpa_experiment_A,C3,C1
370,sgpa_experiment_A,C1,C1
183,sgpa_experiment_A,C2,C1
784,sgpa_experiment_A,C3,C3
1044,sgpa_experiment_A,C1,C1
538,sgpa_experiment_A,C3,C3
540,sgpa_experiment_A,C0,C0
399,sgpa_experiment_A,C1,C2
981,sgpa_experiment_A,C3,C3
899,sgpa_experiment_A,C0,C2
41,sgpa_experiment_A,C1,C0
1004,sgpa_experiment_A,C0,C0
956,sgpa_experiment_A,C2,C1
157,sgpa_experiment_A,C2,C2
159,sgpa_experiment_A,C3,C2
788,sgpa_experiment_A,C2,C1
294,sgpa_experiment_A,C1,C2
213,sgpa_experiment_A,C3,C1
1092,sgpa_experiment_A,C0,C0
853,sgpa_experiment_A,C0,C0
1076,sgpa_experiment_A,C0,C1
677,sgpa_experiment_A,C1,C3
568,sgpa_experiment_A,C0,C2
674,sgpa_experiment_A,C0,C0
261,sgpa_experiment_A,C1,C1
359,sgpa_experiment_A,C1,C1
632,sgpa_experiment_A,C0,C3
58,sgpa_experiment_A,C2,C2
311,sgpa_experiment_A,C3,C3
242,sgpa_experiment_A,C2,C3
471,sgpa_experiment_A,C0,C3
684,sgpa_experiment_A,C0,C0
342,sgpa_experiment_A,C1,C1
870,sgpa_experiment_A,C1,C1
33,sgpa_experiment_A,C1,C1
814,sgpa_experiment_A,C1,C3
554,sgpa_experiment_A,C1,C3
850,sgpa_experiment_A,C3,C3
234,sgpa_experiment_A,C2,C2
777,sgpa_experiment_A,C1,C0
327,sgpa_experiment_A,C0,C1
912,sgpa_experiment_A,C1,C1
638,sgpa_experiment_A,C2,C0
173,sgpa_experiment_A,C0,C1
898,sgpa_experiment_A,C2,C0
426,sgpa_experiment_A,C3,C1
137,sgpa_experiment_A,C1,C0
80,sgpa_experiment_A,C2,C1
541,sgpa_experiment_A,C0,C1
490,sgpa_experiment_A,C1,C3
894,sgpa_experiment_A,C2,C1
797,sgpa_experiment_A,C3,C0
9,sgpa_experiment_A,C2,C2
355,sgpa_experiment_A,C1,C1
295,sgpa_experiment_A,C3,C3
91,sgpa_experiment_A,C3,C3
1050,sgpa_experiment_A,C2,C2
757,sgpa_experiment_A,C1,C2
559,sgpa_experiment_A,C3,C3
659,sgpa_experiment_A,C2,C3
136,sgpa_experiment_A,C1,C1
146,sgpa_experiment_A,C2,C1
735,sgpa_experiment_A,C0,C1
503,sgpa_experiment_A,C3,C0
161,sgpa_experiment_A,C3,C1
653,sgpa_experiment_A,C0,C0
778,sgpa_experiment_A,C3,C3
529,sgpa_experiment_A,C2,C3
216,sgpa_experiment_A,C1,C2
319,sgpa_experiment_A,C1,C1
828,sgpa_experiment_A,C1,C1
442,sgpa_experiment_A,C1,C2
889,sgpa_experiment_A,C3,C3
175,sgpa_experiment_A,C2,C2
826,sgpa_experiment_A,C2,C1
960,sgpa_experiment_A,C0,C1
365,sgpa_experiment_A,C1,C1
747,sgpa_experiment_A,C3,C0
718,sgpa_experiment_A,C2,C0
460,sgpa_experiment_A,C1,C0
45,sgpa_experiment_A,C2,C2
46,sgpa_experiment_A,C3,C3
627,sgpa_experiment_A,C2,C3
98,sgpa_experiment_A,C1,C0
134,sgpa_experiment_A,C0,C0
244,sgpa_experiment_A,C1,C2
208,sgpa_experiment_A,C0,C1
8,sgpa_experiment_A,C2,C2
565,sgpa_experiment_A,C2,C2
780,sgpa_experiment_A,C0,C0
876,sgpa_experiment_A,C3,C2
855,sgpa_experiment_A,C2,C2
936,sgpa_experiment_A,C1,C1
952,sgpa_experiment_A,C2,C2
847,sgpa_experiment_A,C1,C1
68,sgpa_experiment_A,C1,C2
220,sgpa_experiment_A,C0,C3
646,sgpa_experiment_A,C0,C0
669,sgpa_experiment_A,C2,C1
30,sgpa_experiment_A,C1,C0
160,sgpa_experiment_A,C1,C1
19,sgpa_experiment_A,C2,C2
485,sgpa_experiment_A,C0,C1
86,sgpa_experiment_A,C0,C1
373,sgpa_experiment_A,C0,C0
667,sgpa_experiment_A,C1,C1
599,sgpa_experiment_A,C2,C2
626,sgpa_experiment_A,C0,C3
561,sgpa_experiment_A,C2,C3
524,sgpa_experiment_A,C3,C1
247,sgpa_experiment_A,C2,C2
542,sgpa_experiment_A,C1,C0
179,sgpa_experiment_A,C2,C2
891,sgpa_experiment_A,C3,C2
151,sgpa_experiment_A,C2,C0
492,sgpa_experiment_A,C3,C2
508,sgpa_experiment_A,C3,C1
517,sgpa_experiment_A,C0,C3
176,sgpa_experiment_A,C1,C1
1060,sgpa_experiment_A,C1,C1
298,sgpa_experiment_A,C2,C2
802,sgpa_experiment_A,C3,C2
914,sgpa_experiment_A,C3,C3
117,sgpa_experiment_A,C3,C0
664,sgpa_experiment_A,C3,C0
689,sgpa_experiment_A,C0,C0
317,sgpa_experiment_A,C1,C2
882,sgpa_experiment_A,C2,C3
883,sgpa_experiment_A,C0,C2
440,sgpa_experiment_A,C0,C3
631,sgpa_experiment_A,C3,C3
630,sgpa_experiment_A,C1,C0
326,sgpa_experiment_A,C1,C1
189,sgpa_experiment_A,C1,C2
879,sgpa_experiment_A,C2,C1
1048,sgpa_experiment_A,C1,C1
672,sgpa_experiment_A,C0,C1
348,sgpa_experiment_A,C2,C3
774,sgpa_experiment_A,C2,C3
382,sgpa_experiment_A,C2,C2
191,sgpa_experiment_A,C3,C0
580,sgpa_experiment_A,C2,C2
625,sgpa_experiment_A,C1,C1
647,sgpa_experiment_A,C2,C1
260,sgpa_experiment_A,C1,C1
930,sgpa_experiment_A,C3,C3
825,sgpa_experiment_A,C2,C3
705,sgpa_experiment_A,C0,C2
42,sgpa_experiment_A,C3,C3
628,sgpa_experiment_A,C2,C0
596,sgpa_experiment_A,C1,C3
584,sgpa_experiment_A,C1,C1
1095,sgpa_experiment_A,C0,C0
725,sgpa_experiment_A,C3,C1
915,sgpa_experiment_A,C3,C3
562,sgpa_experiment_A,C2,C3
871,sgpa_experiment_A,C1,C1
762,sgpa_experiment_A,C3,C0
1012,sgpa_experiment_A,C2,C2
36,sgpa_experiment_A,C1,C2
144,sgpa_experiment_A,C1,C3
564,sgpa_experiment_A,C1,C1
282,sgpa_experiment_A,C2,C2
491,sgpa_experiment_A,C0,C1
329,sgpa_experiment_A,C1,C1
35,sgpa_experiment_A,C3,C3
906,sgpa_experiment_A,C1,C2
1100,sgpa_experiment_A,C2,C2
249,sgpa_experiment_A,C2,C2
880,sgpa_experiment_A,C3,C2
381,sgpa_experiment_A,C3,C0
959,sgpa_experiment_A,C2,C3
97,sgpa_experiment_A,C1,C1
927,sgpa_experiment_A,C3,C3
606,sgpa_experiment_A,C2,C3
212,sgpa_experiment_A,C0,C1
579,sgpa_experiment_A,C0,C2
998,sgpa_experiment_A,C2,C2
815,sgpa_experiment_A,C2,C2
325,sgpa_experiment_A,C1,C1
231,sgpa_experiment_A,C2,C2
624,sgpa_experiment_A,C0,C3
341,sgpa_experiment_A,C1,C1
59,sgpa_experiment_A,C2,C2
829,sgpa_experiment_A,C0,C3
945,sgpa_experiment_A,C3,C3
67,sgpa_experiment_A,C2,C2
1011,sgpa_experiment_A,C3,C3
88,sgpa_experiment_A,C1,C1
292,sgpa_experiment_A,C1,C0
657,sgpa_experiment_A,C1,C3
785,sgpa_experiment_A,C0,C0
607,sgpa_experiment_A,C3,C3
505,sgpa_experiment_A,C2,C2
366,sgpa_experiment_A,C0,C0
125,sgpa_experiment_A,C1,C1
919,sgpa_experiment_A,C1,C1
640,sgpa_experiment_A,C1,C3
155,sgpa_experiment_A,C2,C1
95,sgpa_experiment_A,C2,C2
487,sgpa_experiment_A,C0,C1
887,sgpa_experiment_A,C2,C1
613,sgpa_experiment_A,C0,C3
236,sgpa_experiment_A,C2,C2
313,sgpa_experiment_A,C1,C1
789,sgpa_experiment_A,C3,C1
54,sgpa_experiment_A,C2,C2
126,sgpa_experiment_A,C0,C2
258,sgpa_experiment_A,C3,C3
837,sgpa_experiment_A,C2,C2
650,sgpa_experiment_A,C2,C1
857,sgpa_experiment_A,C1,C1
1032,sgpa_experiment_A,C1,C3
339,sgpa_experiment_A,C2,C1
150,sgpa_experiment_A,C2,C1
50,sgpa_experiment_A,C0,C0
703,sgpa_experiment_A,C0,C1
732,sgpa_experiment_A,C0,C2
614,sgpa_experiment_A,C3,C2
749,sgpa_experiment_A,C3,C1
710,sgpa_experiment_A,C3,C2
337,sgpa_experiment_A,C2,C2
62,sgpa_experiment_A,C3,C3
605,sgpa_experiment_A,C0,C1
1084,sgpa_experiment_A,C3,C3
468,sgpa_experiment_A,C1,C2
406,sgpa_experiment_A,C2,C2
375,sgpa_experiment_A,C1,C2
306,sgpa_experiment_A,C2,C2
163,sgpa_experiment_A,C3,C3
748,sgpa_experiment_A,C1,C0
557,sgpa_experiment_A,C0,C0
386,sgpa_experiment_A,C1,C2
553,sgpa_experiment_A,C3,C3
1024,sgpa_experiment_A,C0,C0
873,sgpa_experiment_A,C0,C0
34,sgpa_experiment_A,C0,C0
489,sgpa_experiment_A,C0,C3
666,sgpa_experiment_A,C1,C1
277,sgpa_experiment_A,C1,C2
433,sgpa_experiment_A,C1,C3
15,sgpa_experiment_A,C2,C1
939,sgpa_experiment_A,C1,C1
645,sgpa_experiment_A,C1,C1
204,sgpa_experiment_A,C2,C3
591,sgpa_experiment_A,C2,C2
63,sgpa_experiment_A,C3,C3
813,sgpa_experiment_A,C3,C2
271,sgpa_experiment_A,C1,C1
343,sgpa_experiment_A,C2,C3
890,sgpa_experiment_A,C1,C1
124,sgpa_experiment_A,C2,C0
685,sgpa_experiment_A,C0,C2
686,sgpa_experiment_A,C3,C0
480,sgpa_experiment_A,C3,C3
432,sgpa_experiment_A,C2,C0
49,sgpa_experiment_A,C1,C2
239,sgpa_experiment_A,C3,C2
400,sgpa_experiment_A,C1,C3
609,sgpa_experiment_A,C0,C0
350,sgpa_experiment_A,C1,C2
746,sgpa_experiment_A,C2,C3
670,sgpa_experiment_A,C1,C1
989,sgpa_experiment_A,C1,C1
821,sgpa_experiment_A,C1,C2
896,sgpa_experiment_A,C2,C0
863,sgpa_experiment_A,C1,C1
868,sgpa_experiment_A,C1,C1
886,sgpa_experiment_A,C3,C3
209,sgpa_experiment_A,C0,C0
743,sgpa_experiment_A,C3,C2
26,sgpa_experiment_A,C1,C2
221,sgpa_experiment_A,C0,C3
464,sgpa_experiment_A,C0,C2
235,sgpa_experiment_A,C0,C0
280,sgpa_experiment_A,C0,C1
323,sgpa_experiment_A,C3,C2
765,sgpa_experiment_A,C0,C0
772,sgpa_experiment_A,C1,C2
31,sgpa_experiment_A,C3,C3
467,sgpa_experiment_A,C1,C0
526,sgpa_experiment_A,C1,C0
767,sgpa_experiment_A,C0,C3
96,sgpa_experiment_A,C2,C2
40,sgpa_experiment_A,C1,C0
982,sgpa_experiment_A,C0,C0
885,sgpa_experiment_A,C3,C3
610,sgpa_experiment_A,C0,C3
763,sgpa_experiment_A,C1,C0
338,sgpa_experiment_A,C1,C1
237,sgpa_experiment_A,C3,C3
32,sgpa_experiment_A,C3,C3
423,sgpa_experiment_A,C2,C0
61,sgpa_experiment_A,C3,C3
595,sgpa_experiment_A,C2,C2
483,sgpa_experiment_A,C2,C0
827,sgpa_experiment_A,C0,C3
165,sgpa_experiment_A,C1,C2
336,sgpa_experiment_A,C1,C1
274,sgpa_experiment_A,C2,C2
818,sgpa_experiment_A,C3,C3
652,sgpa_experiment_A,C3,C3
344,sgpa_experiment_A,C2,C2
1053,sgpa_experiment_A,C3,C3
737,sgpa_experiment_A,C1,C3
110,sgpa_experiment_A,C1,C1
353,sgpa_experiment_A,C0,C1
396,sgpa_experiment_A,C3,C0
724,sgpa_experiment_A,C3,C1
551,sgpa_experiment_A,C2,C3
421,sgpa_experiment_A,C0,C0
347,sgpa_experiment_A,C0,C1
940,sgpa_experiment_A,C1,C1
971,sgpa_experiment_A,C0,C0
1000,sgpa_experiment_A,C3,C3
301,sgpa_experiment_A,C1,C2
57,sgpa_experiment_A,C3,C3
415,sgpa_experiment_A,C1,C3
758,sgpa_experiment_A,C0,C0
1047,sgpa_experiment_A,C3,C3
878,sgpa_experiment_A,C3,C3
470,sgpa_experiment_A,C0,C1
709,sgpa_experiment_A,C1,C3
678,sgpa_experiment_A,C2,C0
548,sgpa_experiment_A,C3,C2
334,sgpa_experiment_A,C2,C2
75,sgpa_experiment_A,C2,C2
107,sgpa_experiment_A,C3,C3
172,sgpa_experiment_A,C2,C1
409,sgpa_experiment_A,C3,C2
549,sgpa_experiment_A,C2,C1
380,sgpa_experiment_A,C1,C3
425,sgpa_experiment_A,C3,C0
563,sgpa_experiment_A,C3,C2
73,sgpa_experiment_A,C1,C1
449,sgpa_experiment_A,C1,C0
1091,sgpa_experiment_A,C1,C3
944,sgpa_experiment_A,C2,C2
499,sgpa_experiment_A,C1,C2
604,sgpa_experiment_A,C0,C2
1006,sgpa_experiment_A,C2,C3
192,sgpa_experiment_A,C1,C0
105,sgpa_experiment_A,C3,C0
671,sgpa_experiment_A,C1,C0
739,sgpa_experiment_A,C3,C0
257,sgpa_experiment_A,C2,C3
736,sgpa_experiment_A,C0,C0
147,sgpa_experiment_A,C3,C3
618,sgpa_experiment_A,C1,C0
799,sgpa_experiment_A,C1,C3
455,sgpa_experiment_A,C3,C2
577,sgpa_experiment_A,C2,C0
153,sgpa_experiment_A,C0,C3
1061,sgpa_experiment_A,C1,C2
363,sgpa_experiment_A,C2,C3
55,sgpa_experiment_A,C1,C0
597,sgpa_experiment_A,C1,C2
475,sgpa_experiment_A,C0,C1
808,sgpa_experiment_A,C1,C1
72,sgpa_experiment_A,C2,C1
966,sgpa_experiment_A,C1,C1
340,sgpa_experiment_A,C1,C1
834,sgpa_experiment_A,C2,C1
286,sgpa_experiment_A,C3,C2
186,sgpa_experiment_A,C2,C2
272,sgpa_experiment_A,C1,C2
942,sgpa_experiment_A,C1,C1
706,sgpa_experiment_A,C3,C0
43,sgpa_experiment_A,C0,C0
148,sgpa_experiment_A,C0,C0
656,sgpa_experiment_A,C3,C2
925,sgpa_experiment_A,C0,C0
1007,sgpa_experiment_A,C1,C2
719,sgpa_experiment_A,C1,C1
1074,sgpa_experiment_A,C0,C1
250,sgpa_experiment_A,C1,C2
729,sgpa_experiment_A,C1,C3
786,sgpa_experiment_A,C1,C0
196,sgpa_experiment_A,C0,C1
431,sgpa_experiment_A,C3,C1
1097,sgpa_experiment_A,C1,C1
227,sgpa_experiment_A,C2,C2
48,sgpa_experiment_A,C3,C3
281,sgpa_experiment_A,C0,C0
751,sgpa_experiment_A,C1,C2
318,sgpa_experiment_A,C3,C3
839,sgpa_experiment_A,C2,C2
957,sgpa_experiment_A,C2,C2
668,sgpa_experiment_A,C2,C0
324,sgpa_experiment_A,C2,C3
132,sgpa_experiment_A,C2,C3
972,sgpa_experiment_A,C2,C2
698,sgpa_experiment_A,C1,C1
156,sgpa_experiment_A,C0,C2
115,sgpa_experiment_A,C0,C0
138,sgpa_experiment_A,C1,C0
149,sgpa_experiment_A,C0,C0
466,sgpa_experiment_A,C0,C3
445,sgpa_experiment_A,C2,C1
1085,sgpa_experiment_A,C0,C0
903,sgpa_experiment_A,C2,C3
145,sgpa_experiment_A,C3,C3
1034,sgpa_experiment_A,C1,C0
688,sgpa_experiment_A,C1,C2
87,sgpa_experiment_A,C2,C2
581,sgpa_experiment_A,C0,C2
114,sgpa_experiment_A,C3,C0
1035,sgpa_experiment_A,C1,C1
697,sgpa_experiment_A,C3,C0
497,sgpa_experiment_A,C1,C0
527,sgpa_experiment_A,C1,C0
776,sgpa_experiment_A,C0,C3
1082,sgpa_experiment_A,C3,C3
1009,sgpa_experiment_A,C3,C3
701,sgpa_experiment_A,C3,C2
328,sgpa_experiment_A,C3,C3
616,sgpa_experiment_A,C3,C2
321,sgpa_experiment_A,C2,C1
824,sgpa_experiment_A,C0,C1
1058,sgpa_experiment_A,C0,C0
1045,sgpa_experiment_A,C1,C1
932,sgpa_experiment_A,C2,C2
520,sgpa_experiment_A,C0,C3
478,sgpa_experiment_A,C2,C0
74,sgpa_experiment_A,C1,C1
441,sgpa_experiment_A,C2,C1
82,sgpa_experiment_A,C1,C0
947,sgpa_experiment_A,C3,C3
715,sgpa_experiment_A,C3,C3
158,sgpa_experiment_A,C3,C0
1037,sgpa_experiment_A,C0,C1
648,sgpa_experiment_A,C2,C0
872,sgpa_experiment_A,C2,C2
537,sgpa_experiment_A,C1,C2
552,sgpa_experiment_A,C1,C0
811,sgpa_experiment_A,C3,C1
702,sgpa_experiment_A,C0,C2
356,sgpa_experiment_A,C3,C3
752,sgpa_experiment_A,C2,C1
744,sgpa_experiment_A,C1,C0
444,sgpa_experiment_A,C2,C0
5,sgpa_experiment_A,C2,C2
997,sgpa_experiment_A,C2,C1
1070,sgpa_experiment_A,C0,C0
394,sgpa_experiment_A,C3,C3
967,sgpa_experiment_A,C1,C2
570,sgpa_experiment_A,C1,C0
1080,sgpa_experiment_A,C0,C0
408,sgpa_experiment_A,C0,C1
1028,sgpa_experiment_A,C1,C0
1,sgpa_experiment_A,C1,C1
994,sgpa_experiment_A,C1,C2
362,sgpa_experiment_A,C2,C2
228,sgpa_experiment_A,C1,C1
535,sgpa_experiment_A,C1,C3
679,sgpa_experiment_A,C1,C3
352,sgpa_experiment_A,C0,C0
376,sgpa_experiment_A,C2,C1
1099,sgpa_experiment_A,C1,C3
518,sgpa_experiment_A,C3,C2
289,sgpa_experiment_A,C1,C1
486,sgpa_experiment_A,C1,C3
766,sgpa_experiment_A,C2,C3
931,sgpa_experiment_A,C3,C3
1068,sgpa_experiment_A,C1,C1
1029,sgpa_experiment_A,C2,C2
769,sgpa_experiment_A,C2,C1
779,sgpa_experiment_A,C3,C3
986,sgpa_experiment_A,C3,C3
954,sgpa_experiment_A,C2,C2
840,sgpa_experiment_A,C1,C1
513,sgpa_experiment_A,C2,C2
854,sgpa_experiment_A,C0,C0
948,sgpa_experiment_A,C3,C3
458,sgpa_experiment_A,C3,C1
77,sgpa_experiment_A,C1,C0
683,sgpa_experiment_A,C0,C0
1023,sgpa_experiment_A,C1,C2
168,sgpa_experiment_A,C3,C0
108,sgpa_experiment_A,C3,C3
223,sgpa_experiment_A,C0,C3
558,sgpa_experiment_A,C2,C0
975,sgpa_experiment_A,C1,C1
51,sgpa_experiment_A,C0,C0
202,sgpa_experiment_A,C0,C0
1056,sgpa_experiment_A,C1,C2
416,sgpa_experiment_A,C2,C3
905,sgpa_experiment_A,C3,C0
922,sgpa_experiment_A,C0,C0
427,sgpa_experiment_A,C0,C3
573,sgpa_experiment_A,C3,C3
229,sgpa_experiment_A,C0,C0
262,sgpa_experiment_A,C2,C3
514,sgpa_experiment_A,C3,C2
214,sgpa_experiment_A,C3,C2
900,sgpa_experiment_A,C1,C1
377,sgpa_experiment_A,C1,C1
3,sgpa_experiment_A,C1,C2
84,sgpa_experiment_A,C3,C3
649,sgpa_experiment_A,C3,C1
1105,sgpa_experiment_A,C1,C3
217,sgpa_experiment_A,C0,C0
351,sgpa_experiment_A,C1,C2
1072,sgpa_experiment_A,C3,C2
305,sgpa_experiment_A,C0,C1
875,sgpa_experiment_A,C2,C2
968,sgpa_experiment_A,C1,C3
322,sgpa_experiment_A,C3,C3
139,sgpa_experiment_A,C0,C0
845,sgpa_experiment_A,C1,C1
308,sgpa_experiment_A,C2,C2
333,sgpa_experiment_A,C2,C1
634,sgpa_experiment_A,C1,C0
210,sgpa_experiment_A,C0,C1
412,sgpa_experiment_A,C0,C2
867,sgpa_experiment_A,C3,C3
970,sgpa_experiment_A,C1,C1
38,sgpa_experiment_A,C1,C2
447,sgpa_experiment_A,C2,C3
379,sgpa_experiment_A,C2,C0
395,sgpa_experiment_A,C2,C3
99,sgpa_experiment_A,C1,C0
555,sgpa_experiment_A,C1,C1
1075,sgpa_experiment_A,C2,C2
928,sgpa_experiment_A,C2,C3
264,sgpa_experiment_A,C1,C1
303,sgpa_experiment_A,C3,C2
661,sgpa_experiment_A,C0,C3
81,sgpa_experiment_A,C3,C3
700,sgpa_experiment_A,C1,C1
10,sgpa_experiment_A,C2,C3
865,sgpa_experiment_A,C3,C3
819,sgpa_experiment_A,C0,C1
909,sgpa_experiment_A,C0,C1
64,sgpa_experiment_A,C2,C2
443,sgpa_experiment_A,C3,C0
720,sgpa_experiment_A,C3,C0
275,sgpa_experiment_A,C1,C1
817,sgpa_experiment_A,C3,C3
222,sgpa_experiment_A,C0,C2
413,sgpa_experiment_A,C0,C0
787,sgpa_experiment_A,C2,C0
708,sgpa_experiment_A,C3,C3
519,sgpa_experiment_A,C2,C3
133,sgpa_experiment_A,C0,C0
79,sgpa_experiment_A,C1,C1
199,sgpa_experiment_A,C1,C1
1052,sgpa_experiment_A,C1,C2
502,sgpa_experiment_A,C1,C3
297,sgpa_experiment_A,C3,C3
164,sgpa_experiment_A,C0,C3
500,sgpa_experiment_A,C2,C2
965,sgpa_experiment_A,C2,C1
727,sgpa_experiment_A,C2,C2
1098,sgpa_experiment_A,C0,C0
205,sgpa_experiment_A,C0,C1
851,sgpa_experiment_A,C1,C1
450,sgpa_experiment_A,C1,C1
371,sgpa_experiment_A,C1,C1
259,sgpa_experiment_A,C1,C1
252,sgpa_experiment_A,C3,C3
496,sgpa_experiment_A,C3,C0
1101,sgpa_experiment_A,C3,C3
753,sgpa_experiment_A,C1,C0
983,sgpa_experiment_A,C3,C2
791,sgpa_experiment_A,C2,C3
248,sgpa_experiment_A,C3,C3
448,sgpa_experiment_A,C2,C1
1078,sgpa_experiment_A,C0,C0
