run,n,accuracy,kappa,qwk,far_rate,within_1,mae_bands,macro_f1,subset,data,model,acc_std,repeats
All students|main|ZeroR,5510,0.29038112522686027,0.0,0.0,0.22323049001814882,0.7767695099818511,0.9328493647912885,0.11251758087201126,All students,main,ZeroR,0.0,5
All students|main|J48,5510,0.4368421052631579,0.24157774618460703,0.29670612084048265,0.21270417422867513,0.7872958257713248,0.8377495462794918,0.43370053641339024,All students,main,J48,0.005309887055654358,5
All students|main|RandomForest,5510,0.45245009074410164,0.26427009754456776,0.30371504329174126,0.21234119782214156,0.7876588021778584,0.82994555353902,0.4504113480873908,All students,main,RandomForest,0.0049569873988194795,5
All students|main|SMO,5510,0.46098003629764067,0.27947376184112904,0.32236218608254696,0.21960072595281308,0.7803992740471869,0.8339382940108893,0.45992038840908245,All students,main,SMO,5.551115123125783e-17,5
All students|main|Logistic,5510,0.45644283121597096,0.2723450600667139,0.3146249677906041,0.21960072595281308,0.7803992740471869,0.8372050816696914,0.4550397905784777,All students,main,Logistic,0.004555317748824361,5
All students|quest|ZeroR,5510,0.29038112522686027,0.0,0.0,0.22323049001814882,0.7767695099818511,0.9328493647912885,0.11251758087201126,All students,quest,ZeroR,0.0,5
All students|quest|J48,5510,0.2834845735027223,0.029266827700783482,0.048938652100812274,0.2894736842105263,0.7105263157894737,1.0754990925589836,0.2729794381651125,All students,quest,J48,0.005247489036225378,5
All students|quest|RandomForest,5510,0.3101633393829401,0.06823604467980315,0.05786410949922138,0.29727767695099816,0.7027223230490018,1.0660617059891107,0.29975589610702025,All students,quest,RandomForest,0.005634909145647917,5
All students|quest|SMO,5510,0.2809437386569873,0.0047313808447004835,0.05522632017451801,0.2190562613430127,0.7809437386569873,0.956442831215971,0.21412666414250875,All students,quest,SMO,0.0076052003048119494,5
All students|quest|Logistic,5510,0.28784029038112524,0.02932378455815443,0.10188950511767092,0.25081669691470054,0.7491833030852995,1.0098003629764065,0.26819135978108083,All students,quest,Logistic,0.0061919136512638764,5
Multi-uni only|main|ZeroR,1150,0.2608695652173913,-0.00591715976331364,-0.001195457262402888,0.2391304347826087,0.7608695652173914,0.9782608695652174,0.15403395002860956,Multi-uni only,main,ZeroR,0.0,5
Multi-uni only|main|J48,1150,0.5173913043478261,0.3566838855990928,0.4261316968090876,0.1608695652173913,0.8391304347826087,0.7304347826086957,0.5169803318979025,Multi-uni only,main,J48,0.0,5
Multi-uni only|main|RandomForest,1150,0.5017391304347826,0.3352098182533557,0.3646688212366478,0.18,0.82,0.7765217391304348,0.501749905836153,Multi-uni only,main,RandomForest,0.008064016083039716,5
Multi-uni only|main|SMO,1150,0.48782608695652174,0.31600844197154365,0.40523900145527814,0.16608695652173913,0.8339130434782609,0.7573913043478261,0.489450904238527,Multi-uni only,main,SMO,0.019905257638712353,5
Multi-uni only|main|Logistic,1150,0.46608695652173915,0.2863026921580222,0.3439170266139212,0.18956521739130436,0.8104347826086956,0.808695652173913,0.4673530280067056,Multi-uni only,main,Logistic,0.012111641980160109,5
Multi-uni only|quest|ZeroR,1150,0.2608695652173913,-0.00591715976331364,-0.001195457262402888,0.2391304347826087,0.7608695652173914,0.9782608695652174,0.15403395002860956,Multi-uni only,quest,ZeroR,0.0,5
Multi-uni only|quest|J48,1150,0.24434782608695652,-0.008873768373445445,0.014831294030404174,0.331304347826087,0.668695652173913,1.1991304347826086,0.2438902188752728,Multi-uni only,quest,J48,0.014393865528040737,5
Multi-uni only|quest|RandomForest,1150,0.3565217391304348,0.1404821783878234,0.03970833079368541,0.3269565217391304,0.6730434782608695,1.0982608695652174,0.3539449998660952,Multi-uni only,quest,RandomForest,0.021825913735671536,5
Multi-uni only|quest|SMO,1150,0.3017391304347826,0.06545697428476005,0.015184142787031285,0.3382608695652174,0.6617391304347826,1.14,0.2984069057998789,Multi-uni only,quest,SMO,0.020687612614557083,5
Multi-uni only|quest|Logistic,1150,0.27217391304347827,0.025995709544240353,-0.03667453969438439,0.35478260869565215,0.6452173913043479,1.1947826086956521,0.2696302408923179,Multi-uni only,quest,Logistic,0.027988655546836667,5
KUET only|main|ZeroR,4360,0.29701834862385323,0.0,0.0,0.21788990825688073,0.7821100917431193,0.9208715596330275,0.11450044208664897,KUET only,main,ZeroR,0.0,5
KUET only|main|J48,4360,0.42775229357798167,0.22502638587747337,0.28674743378727907,0.21376146788990827,0.7862385321100918,0.8353211009174312,0.4221415648714388,KUET only,main,J48,0.008173637468442869,5
KUET only|main|RandomForest,4360,0.43646788990825686,0.23903060671789989,0.29245305189554993,0.21628440366972476,0.7837155963302752,0.835091743119266,0.4314353617125486,KUET only,main,RandomForest,0.006264449671443874,5
KUET only|main|SMO,4360,0.44587155963302755,0.25835957425461986,0.2930173024826298,0.2353211009174312,0.7646788990825688,0.861697247706422,0.4433967114308518,KUET only,main,SMO,0.0004587155963302836,5
KUET only|main|Logistic,4360,0.43577981651376146,0.24087105615647442,0.2766165453687315,0.23142201834862386,0.7685779816513761,0.8603211009174312,0.43121955965514996,KUET only,main,Logistic,0.007360920429303316,5
KUET only|quest|ZeroR,4360,0.29701834862385323,0.0,0.0,0.21788990825688073,0.7821100917431193,0.9208715596330275,0.11450044208664897,KUET only,quest,ZeroR,0.0,5
KUET only|quest|J48,4360,0.26972477064220185,0.001754198625332437,0.02920231186242661,0.2834862385321101,0.7165137614678899,1.0651376146788991,0.2482315562219224,KUET only,quest,J48,0.013939973760571324,5
KUET only|quest|RandomForest,4360,0.3137614678899083,0.06744701582215817,0.05651483871241503,0.2841743119266055,0.7158256880733945,1.0369266055045872,0.29320609641531675,KUET only,quest,RandomForest,0.004564162555534947,5
KUET only|quest|SMO,4360,0.2763761467889908,-0.004936357732153729,0.05549053554139316,0.22041284403669725,0.7795871559633027,0.9678899082568807,0.21818960118911723,KUET only,quest,SMO,0.010076092952517794,5
KUET only|quest|Logistic,4360,0.28577981651376144,0.02449777266848696,0.0844308286667469,0.2552752293577982,0.7447247706422019,1.021559633027523,0.26382498726621484,KUET only,quest,Logistic,0.004191666716169054,5
KUET sem 1-6|main|ZeroR,985,0.26903553299492383,-0.006993006993007089,-0.018928622160079955,0.3187817258883249,0.6812182741116751,1.0893401015228426,0.15512173624756406,KUET sem 1-6,main,ZeroR,0.0,5
KUET sem 1-6|main|J48,985,0.7807106598984772,0.7055652811702106,0.8325120443961306,0.05279187817258883,0.9472081218274112,0.2781725888324873,0.7839041884803204,KUET sem 1-6,main,J48,0.044877230670660594,5
KUET sem 1-6|main|RandomForest,985,0.8071065989847716,0.7408648454050761,0.8845398520773466,0.026395939086294416,0.9736040609137055,0.21928934010152284,0.8132527862464538,KUET sem 1-6,main,RandomForest,0.011121270203150584,5
KUET sem 1-6|main|SMO,985,0.8152284263959391,0.7516210374639769,0.8828012607923436,0.03147208121827411,0.9685279187817258,0.216243654822335,0.8219457942439885,KUET sem 1-6,main,SMO,0.002486791617038767,5
KUET sem 1-6|main|Logistic,985,0.7390862944162436,0.6494953131273971,0.8090672715079219,0.05177664974619289,0.9482233502538071,0.3177664974619289,0.7447233221833718,KUET sem 1-6,main,Logistic,0.024365482233502513,5
KUET sem 1-6|quest|ZeroR,985,0.26903553299492383,-0.006993006993007089,-0.018928622160079955,0.3187817258883249,0.6812182741116751,1.0893401015228426,0.15512173624756406,KUET sem 1-6,quest,ZeroR,0.0,5
KUET sem 1-6|quest|J48,985,0.349238578680203,0.11415022202891645,0.32775047555384995,0.24974619289340103,0.750253807106599,0.9563451776649746,0.27037292877629815,KUET sem 1-6,quest,J48,0.014851511510992694,5
KUET sem 1-6|quest|RandomForest,985,0.383756345177665,0.17238921148615438,0.31739617490056293,0.22030456852791877,0.7796954314720812,0.8913705583756345,0.3827879470539998,KUET sem 1-6,quest,RandomForest,0.010452416386788841,5
KUET sem 1-6|quest|SMO,985,0.35126903553299493,0.12553923100969056,0.2694632234223501,0.26192893401015227,0.7380710659898477,0.9725888324873097,0.34920876549089785,KUET sem 1-6,quest,SMO,0.013001267487173295,5
KUET sem 1-6|quest|Logistic,985,0.34822335025380713,0.12296906530196172,0.2725812313574867,0.2639593908629442,0.7360406091370558,0.9756345177664975,0.3459812188519414,KUET sem 1-6,quest,Logistic,0.02306155673421431,5
KUET sem 4|main|ZeroR,335,0.29850746268656714,0.0,0.0,0.2537313432835821,0.746268656716418,0.9552238805970149,0.11494252873563218,KUET sem 4,main,ZeroR,0.0,5
KUET sem 4|main|J48,335,0.29850746268656714,0.0,0.0,0.2537313432835821,0.746268656716418,0.9552238805970149,0.11494252873563218,KUET sem 4,main,J48,0.0,5
KUET sem 4|main|RandomForest,335,0.7910447761194029,0.7139895109159654,0.8812269260168816,0.03880597014925373,0.9611940298507463,0.24776119402985075,0.7469961823267007,KUET sem 4,main,RandomForest,0.01887926961294555,5
KUET sem 4|main|SMO,335,0.8029850746268656,0.7292597808118533,0.8856076893891489,0.041791044776119404,0.9582089552238806,0.23880597014925373,0.7650725371120108,KUET sem 4,main,SMO,0.005970149253731361,5
KUET sem 4|main|Logistic,335,0.5850746268656717,0.4411976479059162,0.6743820146148736,0.11343283582089553,0.8865671641791045,0.5432835820895522,0.565844959888385,KUET sem 4,main,Logistic,0.03324038425570161,5
KUET sem 4|quest|ZeroR,335,0.29850746268656714,0.0,0.0,0.2537313432835821,0.746268656716418,0.9552238805970149,0.11494252873563218,KUET sem 4,quest,ZeroR,0.0,5
KUET sem 4|quest|J48,335,0.29850746268656714,0.0,0.0,0.2537313432835821,0.746268656716418,0.9552238805970149,0.11494252873563218,KUET sem 4,quest,J48,0.0,5
KUET sem 4|quest|RandomForest,335,0.32238805970149254,0.07667557066537145,0.17292207360085177,0.2835820895522388,0.7164179104477612,1.0985074626865672,0.28869038038961936,KUET sem 4,quest,RandomForest,0.04868509382179133,5
KUET sem 4|quest|SMO,335,0.2865671641791045,0.013491867915229272,0.11794562700250599,0.3194029850746269,0.6805970149253732,1.1940298507462686,0.24330394673213557,KUET sem 4,quest,SMO,0.04662835627406957,5
KUET sem 4|quest|Logistic,335,0.2865671641791045,0.03681203007518785,0.15444780299537209,0.29850746268656714,0.7014925373134329,1.1313432835820896,0.2798417129121208,KUET sem 4,quest,Logistic,0.04662835627406958,5
All sem 4|main|ZeroR,375,0.30666666666666664,0.0,0.0,0.4266666666666667,0.5733333333333334,1.3866666666666667,0.1173469387755102,All sem 4,main,ZeroR,0.0,5
All sem 4|main|J48,375,0.30666666666666664,0.0,0.0,0.4266666666666667,0.5733333333333334,1.3866666666666667,0.1173469387755102,All sem 4,main,J48,0.0,5
All sem 4|main|RandomForest,375,0.7413333333333333,0.6444802814836534,0.7512902984516419,0.07466666666666667,0.9253333333333333,0.37866666666666665,0.7078007328845846,All sem 4,main,RandomForest,0.010666666666666698,5
All sem 4|main|SMO,375,0.7653333333333333,0.6769456681350955,0.763239685538424,0.08533333333333333,0.9146666666666666,0.36,0.7314494849234942,All sem 4,main,SMO,0.010666666666666647,5
All sem 4|main|Logistic,375,0.56,0.40599049584793356,0.5024342745861734,0.16533333333333333,0.8346666666666667,0.6906666666666667,0.5374639676184462,All sem 4,main,Logistic,0.030404678002643674,5
All sem 4|quest|ZeroR,375,0.30666666666666664,0.0,0.0,0.4266666666666667,0.5733333333333334,1.3866666666666667,0.1173469387755102,All sem 4,quest,ZeroR,0.0,5
All sem 4|quest|J48,375,0.30666666666666664,0.0,0.0,0.4266666666666667,0.5733333333333334,1.3866666666666667,0.1173469387755102,All sem 4,quest,J48,0.0,5
All sem 4|quest|RandomForest,375,0.328,0.08105217095346917,0.20277242493939196,0.30933333333333335,0.6906666666666667,1.1173333333333333,0.2885647845991873,All sem 4,quest,RandomForest,0.03919183588453083,5
All sem 4|quest|SMO,375,0.3253333333333333,0.05952616970658209,0.13094058835725308,0.32266666666666666,0.6773333333333333,1.2053333333333334,0.28570026117021075,All sem 4,quest,SMO,0.03435759660460034,5
All sem 4|quest|Logistic,375,0.2906666666666667,0.04604791278152354,0.15166543012222256,0.2826666666666667,0.7173333333333334,1.144,0.2861913025901574,All sem 4,quest,Logistic,0.022939534045446994,5
KUET sem 7|main|ZeroR,3375,0.3037037037037037,0.0,0.0,0.20148148148148148,0.7985185185185185,0.8977777777777778,0.11647727272727272,KUET sem 7,main,ZeroR,0.0,5
KUET sem 7|main|J48,3375,0.30992592592592594,0.05871832531705368,0.036754246293511206,0.28355555555555556,0.7164444444444444,1.039111111111111,0.2878679776356823,KUET sem 7,main,J48,0.008136017906812424,5
KUET sem 7|main|RandomForest,3375,0.31733333333333336,0.06999718344054395,0.05169228458250996,0.2791111111111111,0.7208888888888889,1.0302222222222222,0.2948870665130165,KUET sem 7,main,RandomForest,0.010450484200621264,5
KUET sem 7|main|SMO,3375,0.31733333333333336,0.06307439557996664,0.06873135141339914,0.2485925925925926,0.7514074074074074,0.981037037037037,0.2812389682252394,KUET sem 7,main,SMO,0.006313266889677784,5
KUET sem 7|main|Logistic,3375,0.31733333333333336,0.06459311725306027,0.058855261838624995,0.25925925925925924,0.7407407407407407,1.000888888888889,0.28656279096198406,KUET sem 7,main,Logistic,0.004993273939660058,5
KUET sem 7|quest|ZeroR,3375,0.3037037037037037,0.0,0.0,0.20148148148148148,0.7985185185185185,0.8977777777777778,0.11647727272727272,KUET sem 7,quest,ZeroR,0.0,5
KUET sem 7|quest|J48,3375,0.2574814814814815,-0.019217849492816352,-0.029638814846947303,0.2877037037037037,0.7122962962962963,1.0891851851851853,0.226657805642334,KUET sem 7,quest,J48,0.009247103131453185,5
KUET sem 7|quest|RandomForest,3375,0.28355555555555556,0.019426429195817385,-0.0009832323520888586,0.2877037037037037,0.7122962962962963,1.0684444444444445,0.2555676234115086,KUET sem 7,quest,RandomForest,0.013435003317042527,5
KUET sem 7|quest|SMO,3375,0.2820740740740741,-0.008735248513286997,0.01914772951611088,0.2162962962962963,0.7837037037037037,0.9487407407407408,0.19781616053379028,KUET sem 7,quest,SMO,0.01413553830148333,5
KUET sem 7|quest|Logistic,3375,0.28503703703703703,0.01363957323269327,0.036626758618225175,0.24918518518518518,0.7508148148148148,1.0124444444444445,0.24933304964443792,KUET sem 7,quest,Logistic,0.006665020372860449,5
KUET sem 7 before 6 Aug|main|ZeroR,600,0.4,0.0,0.0,0.18333333333333332,0.8166666666666667,0.7833333333333333,0.14285714285714288,KUET sem 7 before 6 Aug,main,ZeroR,0.0,5
KUET sem 7 before 6 Aug|main|J48,600,0.36666666666666664,-0.023523074160531454,0.004489556900253766,0.16666666666666666,0.8333333333333334,0.8,0.1761629266012155,KUET sem 7 before 6 Aug,main,J48,0.019002923751652315,5
KUET sem 7 before 6 Aug|main|RandomForest,600,0.595,0.40905866855811135,0.655687531880784,0.04,0.96,0.445,0.5708708905092517,KUET sem 7 before 6 Aug,main,RandomForest,0.013540064007726586,5
KUET sem 7 before 6 Aug|main|SMO,600,0.625,0.45531571515029257,0.7169002001715756,0.021666666666666667,0.9783333333333334,0.39666666666666667,0.5965434419381788,KUET sem 7 before 6 Aug,main,SMO,0.009128709291752777,5
KUET sem 7 before 6 Aug|main|Logistic,600,0.5116666666666667,0.30757414628382374,0.6294409779702024,0.05,0.95,0.54,0.48850233969424994,KUET sem 7 before 6 Aug,main,Logistic,0.010000000000000016,5
KUET sem 7 before 6 Aug|quest|ZeroR,600,0.4,0.0,0.0,0.18333333333333332,0.8166666666666667,0.7833333333333333,0.14285714285714288,KUET sem 7 before 6 Aug,quest,ZeroR,0.0,5
KUET sem 7 before 6 Aug|quest|J48,600,0.36666666666666664,-0.023523074160531454,0.004489556900253766,0.16666666666666666,0.8333333333333334,0.8,0.1761629266012155,KUET sem 7 before 6 Aug,quest,J48,0.019002923751652315,5
KUET sem 7 before 6 Aug|quest|RandomForest,600,0.39,0.07882042031964409,0.2467248908296944,0.15166666666666667,0.8483333333333334,0.7633333333333333,0.32016133557800225,KUET sem 7 before 6 Aug,quest,RandomForest,0.0177951304200522,5
KUET sem 7 before 6 Aug|quest|SMO,600,0.3933333333333333,0.03588928618725995,0.15254237288135608,0.15333333333333332,0.8466666666666667,0.76,0.2232570173718315,KUET sem 7 before 6 Aug,quest,SMO,0.030459444804161774,5
KUET sem 7 before 6 Aug|quest|Logistic,600,0.3233333333333333,0.011122838353495257,0.1864831038798499,0.19666666666666666,0.8033333333333333,0.88,0.25421132160508875,KUET sem 7 before 6 Aug,quest,Logistic,0.034318767136623324,5
"KUET sem 7, 6-7 Aug|main|ZeroR",2275,0.26593406593406593,0.0,0.0,0.24395604395604395,0.756043956043956,0.978021978021978,0.10503472222222222,"KUET sem 7, 6-7 Aug",main,ZeroR,0.0,5
"KUET sem 7, 6-7 Aug|main|J48",2275,0.2571428571428571,0.0051582470498888755,-0.015258675250610976,0.3569230769230769,0.6430769230769231,1.1982417582417582,0.24642195852160675,"KUET sem 7, 6-7 Aug",main,J48,0.008223422828074587,5
"KUET sem 7, 6-7 Aug|main|RandomForest",2275,0.25362637362637364,0.0016075799202411867,-0.029291872219563198,0.36615384615384616,0.6338461538461538,1.2114285714285715,0.24708921986838217,"KUET sem 7, 6-7 Aug",main,RandomForest,0.013941759584310941,5
"KUET sem 7, 6-7 Aug|main|SMO",2275,0.25758241758241757,0.004649747113335989,0.007527788851085182,0.33362637362637365,0.6663736263736264,1.1617582417582417,0.24432763062364093,"KUET sem 7, 6-7 Aug",main,SMO,0.009365835495675831,5
"KUET sem 7, 6-7 Aug|main|Logistic",2275,0.24351648351648353,-0.013265994050230212,-0.011700212908354324,0.33802197802197803,0.661978021978022,1.1916483516483516,0.23377840597462263,"KUET sem 7, 6-7 Aug",main,Logistic,0.014736751309222156,5
"KUET sem 7, 6-7 Aug|quest|ZeroR",2275,0.26593406593406593,0.0,0.0,0.24395604395604395,0.756043956043956,0.978021978021978,0.10503472222222222,"KUET sem 7, 6-7 Aug",quest,ZeroR,0.0,5
"KUET sem 7, 6-7 Aug|quest|J48",2275,0.25846153846153846,0.008035636977370086,-0.0263406002059674,0.3701098901098901,0.6298901098901099,1.2197802197802199,0.2496512285422726,"KUET sem 7, 6-7 Aug",quest,J48,0.004934053696844762,5
"KUET sem 7, 6-7 Aug|quest|RandomForest",2275,0.24615384615384617,-0.007828079311449354,-0.06609623401755527,0.38857142857142857,0.6114285714285714,1.2483516483516484,0.24261673846273835,"KUET sem 7, 6-7 Aug",quest,RandomForest,0.022283590075844534,5
"KUET sem 7, 6-7 Aug|quest|SMO",2275,0.26461538461538464,0.01335419264359361,0.0007176094835403823,0.33494505494505494,0.665054945054945,1.1538461538461537,0.24798833290052047,"KUET sem 7, 6-7 Aug",quest,SMO,0.009282950365689182,5
"KUET sem 7, 6-7 Aug|quest|Logistic",2275,0.26945054945054947,0.021220416642398154,0.00046467031814323434,0.3393406593406593,0.6606593406593406,1.1657142857142857,0.25704330031332323,"KUET sem 7, 6-7 Aug",quest,Logistic,0.007689167333861928,5
KUET sem 7 after 7 Aug|main|ZeroR,500,0.4,0.0,0.0,0.08,0.92,0.68,0.14285714285714288,KUET sem 7 after 7 Aug,main,ZeroR,0.0,5
KUET sem 7 after 7 Aug|main|J48,500,0.39,-0.01060304837640813,0.017690875232774794,0.078,0.922,0.688,0.15611344537815125,KUET sem 7 after 7 Aug,main,J48,0.01264911064067353,5
KUET sem 7 after 7 Aug|main|RandomForest,500,0.366,0.034831323833881545,0.14475363798825625,0.126,0.874,0.772,0.2934294250020908,KUET sem 7 after 7 Aug,main,RandomForest,0.04223742416388575,5
KUET sem 7 after 7 Aug|main|SMO,500,0.39,0.0605845935873347,0.15810882902107204,0.11,0.89,0.734,0.25470062317281594,KUET sem 7 after 7 Aug,main,SMO,0.03521363372331802,5
KUET sem 7 after 7 Aug|main|Logistic,500,0.302,-0.00385434044756372,0.05726961080863069,0.196,0.804,0.936,0.25557992644105443,KUET sem 7 after 7 Aug,main,Logistic,0.017204650534085247,5
KUET sem 7 after 7 Aug|quest|ZeroR,500,0.4,0.0,0.0,0.08,0.92,0.68,0.14285714285714288,KUET sem 7 after 7 Aug,quest,ZeroR,0.0,5
KUET sem 7 after 7 Aug|quest|J48,500,0.39,-0.01060304837640813,0.017690875232774794,0.078,0.922,0.688,0.15611344537815125,KUET sem 7 after 7 Aug,quest,J48,0.01264911064067353,5
KUET sem 7 after 7 Aug|quest|RandomForest,500,0.342,0.0041167211526819125,-0.008672699849170407,0.172,0.828,0.852,0.23380380135395232,KUET sem 7 after 7 Aug,quest,RandomForest,0.03867815921162742,5
KUET sem 7 after 7 Aug|quest|SMO,500,0.338,-0.059505137479594294,-0.037833946568549104,0.122,0.878,0.786,0.17326126126126126,KUET sem 7 after 7 Aug,quest,SMO,0.016,5
KUET sem 7 after 7 Aug|quest|Logistic,500,0.278,-0.05419927578553918,0.04835118227123325,0.188,0.812,0.94,0.22709626658554627,KUET sem 7 after 7 Aug,quest,Logistic,0.01599999999999999,5
